date,ticker,ma_7,ma_21,signal
2020-01-15,AAPL,75.617806570870542,75.4365463256836,Crossover
2020-01-16,AAPL,75.8655253819057,75.805607386997764,Crossover
2020-01-17,AMZN,93.708145141601562,93.670572190057669,Crossover
2020-01-17,AMZN,93.613716125488281,93.60728636242095,Crossover
2020-01-21,AMZN,94.21028464181083,93.697238013857884,Crossover
2020-01-22,MSFT,158.05837358747209,157.88578360421317,Crossover
2020-01-22,MSFT,158.16709463936942,157.77163187662759,Crossover
2020-01-24,AMZN,94.08571188790458,94.0605704897926,Crossover
2020-01-29,AMZN,92.798214503696983,92.660261608305419,Crossover
2020-01-29,AAPL,76.654234749930239,76.424455551874075,Crossover
2020-01-29,GOOGL,72.248132978166851,72.145715622674857,Crossover
2020-01-29,MSFT,157.31370544433594,156.9821021670387,Crossover
2020-01-31,AAPL,77.7396741594587,76.867461794898617,Crossover
2020-01-31,GOOGL,71.909816196986611,71.884518577938991,Crossover
2020-02-04,AAPL,76.303361075265073,76.235273815336683,Crossover
2020-02-04,GOOGL,73.094565255301333,72.277137756347656,Crossover
2020-02-05,AAPL,76.744638715471538,76.20203690301804,Crossover
2020-02-06,GOOGL,72.443991524832583,72.349921090262271,Crossover
2020-02-12,AAPL,78.423204694475444,77.970622834705168,Crossover
2020-02-13,AAPL,79.049522399902344,78.063188825334819,Crossover
2020-02-14,AMZN,107.45871407645089,107.39945329938617,Crossover
2020-02-14,MSFT,175.87000601632255,175.74498857770647,Crossover
2020-02-18,MSFT,176.82668413434709,175.80478413899741,Crossover
2020-02-19,AMZN,107.73885781424386,107.55302392868768,Crossover
2020-02-20,GOOGL,75.497639247349326,75.455624171665733,Crossover
2020-02-20,MSFT,177.46910531180245,177.01372564406623,Crossover
2020-03-02,AMZN,96.694644383021782,96.3825948806036,Crossover
2020-03-02,AAPL,68.8172138759068,68.687067667643234,Crossover
2020-03-02,GOOGL,67.505556379045757,67.489923386346732,Crossover
2020-03-02,GOOGL,67.839467729840962,67.489923386346732,Crossover
2020-03-02,MSFT,158.94113595145089,157.81240699404762,Crossover
2020-03-03,AMZN,97.055216108049677,96.062713986351383,Crossover
2020-03-05,GOOGL,67.658500671386719,67.427143278576082,Crossover
2020-03-05,MSFT,161.27400861467635,159.68332853771392,Crossover
2020-03-11,AAPL,68.391493661063052,68.305725824265252,Crossover
2020-03-13,MSFT,146.11309596470423,145.93189130510603,Crossover
2020-03-16,MSFT,145.12108285086495,144.08321998232887,Crossover
2020-03-17,AMZN,88.696426391601562,87.1758553641183,Crossover
2020-03-17,AMZN,87.848640441894531,87.206855410621273,Crossover
2020-03-18,AMZN,89.702498299734927,87.19761730375744,Crossover
2020-03-19,GOOGL,54.912196023123606,54.821583884102957,Crossover
2020-03-20,GOOGL,54.586158207484665,54.464877355666388,Crossover
2020-03-20,MSFT,135.07973589215959,134.5778089250837,Crossover
2020-03-24,AAPL,58.2093391418457,57.328606923421226,Crossover
2020-03-24,AAPL,57.430858612060547,57.32618640718006,Crossover
2020-03-24,GOOGL,55.03690447126116,54.1770266578311,Crossover
2020-03-24,MSFT,138.12663487025671,134.55284627278647,Crossover
2020-03-25,AAPL,59.672234126499724,57.323880695161364,Crossover
2020-03-25,GOOGL,55.710686819893972,54.177925109863281,Crossover
2020-03-25,MSFT,140.72111293247767,135.42266991024925,Crossover
2020-03-30,AMZN,96.829285757882261,96.2932132539295,Crossover
2020-03-30,GOOGL,56.4114259992327,56.126132601783389,Crossover
2020-03-31,AMZN,97.689286368233823,96.981285095214844,Crossover
2020-03-31,AAPL,61.596134185791016,61.350704556419736,Crossover
2020-03-31,GOOGL,57.477644239153179,56.772295270647319,Crossover
2020-04-01,AMZN,97.2875006539481,97.033332824707031,Crossover
2020-04-01,MSFT,148.90654209681921,148.386478969029,Crossover
2020-04-06,AMZN,97.929500034877236,96.560476030622212,Crossover
2020-04-06,AMZN,96.629499162946431,96.33252352759952,Crossover
2020-04-06,AAPL,62.08376203264509,59.978533971877326,Crossover
2020-04-06,AAPL,59.898762839181082,59.695639837355841,Crossover
2020-04-06,GOOGL,57.470411028180806,55.893191201346262,Crossover
2020-04-06,MSFT,154.52612958635603,149.4402589343843,Crossover
2020-04-07,GOOGL,58.745331900460378,56.132185436430433,Crossover
2020-04-21,AMZN,119.0797827584403,118.45361873081752,Crossover
2020-04-23,AMZN,118.68821498325893,118.39285605294366,Crossover
2020-04-23,AAPL,66.7660631452288,66.72663806733631,Crossover
2020-04-23,GOOGL,62.67054149082729,62.2301751999628,Crossover
2020-04-24,MSFT,164.78965977260046,164.09195527576264,Crossover
2020-04-28,MSFT,165.50910949707031,165.22205752418154,Crossover
2020-04-29,GOOGL,65.094472612653462,63.567097981770836,Crossover
2020-04-29,MSFT,166.12774440220423,165.54454331170945,Crossover
2020-04-30,AMZN,118.94021279471261,118.66440582275388,Crossover
2020-04-30,GOOGL,65.903960636683877,63.745699564615883,Crossover
2020-04-30,MSFT,168.44698224748885,166.17136056082589,Crossover
2020-05-04,GOOGL,65.533579145159038,65.494635990687783,Crossover
2020-05-04,MSFT,169.42401341029577,168.97161065964471,Crossover
2020-05-05,GOOGL,66.618382045200889,66.261747451055612,Crossover
2020-05-06,AMZN,116.84600176130023,116.55283392043343,Crossover
2020-05-06,AMZN,117.08500235421317,116.2605961390904,Crossover
2020-05-12,AMZN,119.33464268275669,118.8231669834682,Crossover
2020-05-13,AAPL,75.3314437866211,75.246835254487536,Crossover
2020-05-14,AMZN,119.14349910191126,119.03145272391183,Crossover
2020-05-15,AMZN,119.44249834333148,119.10328601655506,Crossover
2020-05-15,GOOGL,67.952893938337056,67.7960706438337,Crossover
2020-05-15,MSFT,173.6332288469587,173.51423790341332,Crossover
2020-05-18,AAPL,75.4483141217913,75.176094055175781,Crossover
2020-05-19,AAPL,76.327739170619424,75.341623578752788,Crossover
2020-05-28,AAPL,77.175582885742188,77.112704322451634,Crossover
2020-05-29,AMZN,121.52892848423549,120.98923892066593,Crossover
2020-05-29,AMZN,121.23414284842355,120.97616758800689,Crossover
2020-05-29,MSFT,174.26986476353235,174.18469746907553,Crossover
2020-06-01,AMZN,122.02850014822823,121.07057226271857,Crossover
2020-06-01,MSFT,175.16626194545202,174.18743097214471,Crossover
2020-06-04,AMZN,123.538569859096,123.37657092866444,Crossover
2020-06-04,AMZN,123.66571262904577,123.33316621326264,Crossover
2020-06-04,MSFT,176.29905482700892,175.99888610839844,Crossover
2020-06-05,AMZN,123.67000034877232,123.64554704938617,Crossover
2020-06-05,MSFT,177.30473981584822,176.74587504069009,Crossover
2020-06-08,GOOGL,71.382234845842632,71.24064309256417,Crossover
2020-06-11,GOOGL,72.19832175118583,71.946864900134855,Crossover
2020-06-16,AMZN,129.242431640625,129.04438200451079,Crossover
2020-06-16,AAPL,83.4279316493443,83.280435108003161,Crossover
2020-06-16,GOOGL,70.9154554094587,70.7726811000279,Crossover
2020-06-16,MSFT,181.98892865862166,181.70334007626488,Crossover
2020-06-22,AAPL,85.843536376953125,85.515033540271574,Crossover
2020-06-22,GOOGL,71.666991097586489,71.545289175851011,Crossover
2020-06-23,AAPL,87.061061314174111,85.839033580961683,Crossover
2020-06-23,GOOGL,71.946065630231587,71.5866942632766,Crossover
2020-06-26,AMZN,137.14407348632812,136.97361973353796,Crossover
2020-06-30,AMZN,136.26013837541853,136.05530729747954,Crossover
2020-06-30,AMZN,136.82042367117745,136.1134498232887,Crossover
2020-06-30,AAPL,87.641238621303017,87.460447765532,Crossover
2020-06-30,GOOGL,70.120589120047427,69.820822942824591,Crossover
2020-06-30,GOOGL,69.972467694963726,69.855465116954989,Crossover
2020-06-30,MSFT,190.21497017996651,189.85695030575707,Crossover
2020-07-01,AMZN,138.23699515206474,136.45702107747397,Crossover
2020-07-13,AMZN,157.94285583496094,156.26442682175409,Crossover
2020-07-13,MSFT,203.56515938895089,202.7999369303385,Crossover
2020-07-20,AMZN,156.48670959472656,152.19499569847471,Crossover
2020-07-20,AMZN,151.45378112792969,151.38899594261534,Crossover
2020-07-20,AAPL,94.938729422433042,94.402045477004279,Crossover
2020-07-20,GOOGL,76.989713396344868,75.865584237234927,Crossover
2020-07-20,MSFT,200.01511710030695,197.70445251464844,Crossover
2020-07-21,AAPL,95.032015119280132,94.3993875412714,Crossover
2020-07-21,MSFT,200.81722150530138,197.7226707821801,Crossover
2020-07-22,AAPL,94.409914289202,94.244379316057476,Crossover
2020-07-23,GOOGL,77.301982334681924,76.907773335774735,Crossover
2020-07-23,MSFT,200.02468436104911,199.36923726399743,Crossover
2020-07-28,AMZN,151.97649710518974,151.55630711146765,Crossover
2020-07-28,AAPL,91.625301906040733,91.407073248000373,Crossover
2020-07-29,AMZN,151.20221165248327,151.13440159388952,Crossover
2020-07-29,GOOGL,75.371938432965962,75.292014712379085,Crossover
2020-07-29,MSFT,194.07108633858817,193.83741614932106,Crossover
2020-07-30,AMZN,151.93864004952567,151.3922584170387,Crossover
2020-07-30,GOOGL,76.180797031947549,75.628411429268979,Crossover
2020-08-06,GOOGL,73.590290614536826,73.588758196149556,Crossover
2020-08-07,MSFT,205.35519191196985,204.9652833484468,Crossover
2020-08-11,GOOGL,74.2238529750279,74.194671267554867,Crossover
2020-08-12,AAPL,108.9165976388114,108.61192903064546,Crossover
2020-08-12,GOOGL,74.466962541852681,74.296613420758931,Crossover
2020-08-13,AMZN,157.52064078194755,157.03254699707031,Crossover
2020-08-13,MSFT,199.95909336635046,199.11050923665366,Crossover
2020-08-27,AAPL,122.62461962018695,121.95495496477399,Crossover
2020-08-31,AAPL,123.75506046840123,122.63237980433875,Crossover
2020-08-31,AAPL,122.57876695905414,122.24190375918435,Crossover
2020-09-01,GOOGL,81.462148393903462,81.308328901018413,Crossover
2020-09-01,MSFT,217.19725690569197,217.17304484049478,Crossover
2020-09-02,GOOGL,83.071187700544087,81.743492489769352,Crossover
2020-09-03,AAPL,126.73955317905971,125.89827764601935,Crossover
2020-09-03,GOOGL,82.7876467023577,82.305898393903462,Crossover
2020-09-15,AAPL,112.33778381347656,111.1339362008231,Crossover
2020-09-15,GOOGL,75.8572278703962,75.611898876371839,Crossover
2020-09-15,MSFT,199.26036289760046,197.66597348167784,Crossover
2020-09-15,MSFT,198.337162562779,197.89517793201264,Crossover
2020-09-16,AMZN,156.69178771972656,156.50771440778459,Crossover
2020-09-16,AAPL,110.96624646868024,110.76754470098587,Crossover
2020-09-16,GOOGL,75.880354745047427,75.528805687313991,Crossover
2020-09-22,AMZN,151.63463919503349,150.57575843447731,Crossover
2020-09-22,AAPL,107.55757250104632,106.92669459751671,Crossover
2020-09-22,MSFT,195.53736659458704,194.69817533947173,Crossover
2020-09-23,AAPL,106.80440957205636,106.35186513264972,Crossover
2020-09-24,AMZN,151.0577109200614,150.57366362072173,Crossover
2020-09-25,AMZN,152.06578717912947,151.84604535784041,Crossover
2020-09-25,AAPL,106.96004704066685,106.66684177943638,Crossover
2020-09-25,GOOGL,71.2302965436663,71.142160688127788,Crossover
2020-09-25,MSFT,196.09213692801339,195.49993678501673,Crossover
2020-10-02,AAPL,112.03207615443638,111.97324988955543,Crossover
2020-10-02,MSFT,201.13553510393416,200.76616051083519,Crossover
2020-10-05,AMZN,158.90000479561942,158.60911996023995,Crossover
2020-10-05,AAPL,112.35447692871095,112.31139083135696,Crossover
2020-10-05,GOOGL,73.247301374162944,73.128174554734,Crossover
2020-10-06,AMZN,158.72114780970983,158.50216747465589,Crossover
2020-10-06,AAPL,112.37392970493862,112.26831309000652,Crossover
2020-10-06,GOOGL,73.214812142508364,73.092704772949219,Crossover
2020-10-07,AMZN,158.41692897251673,157.90597824823288,Crossover
2020-10-07,MSFT,200.11645507812497,199.71008882068452,Crossover
2020-10-08,AMZN,159.71107046944755,157.98893011183966,Crossover
2020-10-08,AAPL,111.90978240966797,111.43269747779485,Crossover
2020-10-08,GOOGL,72.801876613071983,72.72273181733631,Crossover
2020-10-08,MSFT,200.75612967354908,199.62425159272692,Crossover
2020-10-15,AAPL,117.80444880894252,117.60667128789993,Crossover
2020-10-15,GOOGL,77.523457118443076,77.154146103631888,Crossover
2020-10-15,MSFT,211.43744550432478,211.31415158226378,Crossover
2020-10-16,GOOGL,77.674562726702,77.638308570498509,Crossover
2020-10-21,GOOGL,77.518062046595986,77.176067170642668,Crossover
2020-10-23,AMZN,159.82000296456474,159.81180899483817,Crossover
2020-10-23,MSFT,206.21321323939733,205.87487139020647,Crossover
2020-10-26,AMZN,160.25771658761161,159.78766668410529,Crossover
2020-10-27,AAPL,112.98812648228235,112.51426478794643,Crossover
2020-10-30,GOOGL,78.151133946010049,77.801915849958149,Crossover
2020-11-03,MSFT,195.68391418457034,195.18625895182291,Crossover
2020-11-03,MSFT,195.122314453125,195.01503935314364,Crossover
2020-11-04,AMZN,155.174072265625,154.21800013950892,Crossover
2020-11-04,AMZN,156.55085754394531,154.28978547595796,Crossover
2020-11-04,AAPL,108.68036215645927,107.99622017996651,Crossover
2020-11-09,AMZN,161.97642517089844,161.78357151576452,Crossover
2020-11-09,AMZN,164.44706944056921,161.32961963471911,Crossover
2020-11-10,GOOGL,87.287618364606587,87.2203859601702,Crossover
2020-11-11,AAPL,115.45061819893974,114.66205051967076,Crossover
2020-11-12,AMZN,155.90129307338171,155.81790887741815,Crossover
2020-11-12,AAPL,116.35263061523438,114.70404270717076,Crossover
2020-11-12,MSFT,206.8733912876674,206.86291140601747,Crossover
2020-11-13,GOOGL,87.170628138950889,86.876731145949591,Crossover
2020-11-16,GOOGL,87.809722900390625,86.957813444591707,Crossover
2020-11-18,AMZN,156.53443036760603,156.27264549618675,Crossover
2020-11-24,AMZN,155.6219983782087,155.40430777413505,Crossover
2020-11-24,AMZN,155.48149762834822,155.37430754162017,Crossover
2020-11-24,GOOGL,87.0752934047154,86.717828659784232,Crossover
2020-11-24,MSFT,204.0462515694754,203.35454522995721,Crossover
2020-11-25,AMZN,156.86028398786272,155.75587899344308,Crossover
2020-11-25,AAPL,112.81975010463169,112.77891249883743,Crossover
2020-11-25,GOOGL,87.334716796875,86.773373558407741,Crossover
2020-11-25,MSFT,205.07762581961495,203.60952904110863,Crossover
2020-11-30,GOOGL,88.044745309012271,87.54176148914155,Crossover
2020-12-02,GOOGL,89.573205130440854,88.414857773553763,Crossover
2020-12-03,AMZN,159.93649945940291,159.79302106584822,Crossover
2020-12-03,MSFT,207.00303431919642,206.85380408877418,Crossover
2020-12-07,AAPL,119.95509665352958,119.79456111363002,Crossover
2020-12-07,AAPL,120.16389683314732,119.84235309419178,Crossover
2020-12-08,AAPL,121.01998029436382,120.16065361386254,Crossover
2020-12-08,MSFT,207.1856689453125,206.45232500348772,Crossover
2020-12-09,AAPL,120.10962023053851,119.99268631708054,Crossover
2020-12-09,MSFT,206.84370204380579,206.28889683314733,Crossover
2020-12-14,AMZN,156.40028381347656,156.27059500558036,Crossover
2020-12-14,MSFT,204.76723589215959,204.72556631905692,Crossover
2020-12-15,AAPL,122.90752737862725,120.56201716831752,Crossover
2020-12-22,AAPL,125.23633357456752,124.76351565406434,Crossover
2020-12-24,GOOGL,85.8048346383231,85.789984930129279,Crossover
2020-12-24,MSFT,213.11300005231584,213.02510288783483,Crossover
2020-12-28,AMZN,162.60842895507812,160.5913841610863,Crossover
2020-12-28,MSFT,214.74453299386161,214.18695286342077,Crossover
2020-12-29,AMZN,163.67492893763952,160.86714608328683,Crossover
2020-12-30,AAPL,130.9365452357701,130.46187991187685,Crossover
2020-12-30,GOOGL,86.980796813964844,86.817448570614772,Crossover
2020-12-30,MSFT,214.80496651785714,214.54906354631697,Crossover
2020-12-31,AMZN,163.87935311453683,163.48492940266928,Crossover
2021-01-07,AAPL,126.36524527413503,126.31837281726655,Crossover
2021-01-07,GOOGL,87.379195077078677,86.474154881068642,Crossover
2021-01-08,AMZN,158.84156799316406,158.79852585565476,Crossover
2021-01-08,AAPL,127.12388283865791,126.28867630731492,Crossover
2021-01-08,GOOGL,87.910886492048,86.581012907482332,Crossover
2021-01-08,MSFT,209.20311410086495,208.30175417945497,Crossover
2021-01-12,MSFT,209.02184404645647,208.43496050153459,Crossover
2021-01-13,AMZN,157.65078299386161,157.33406866164435,Crossover
2021-01-13,AMZN,157.32892717633928,157.32518804640998,Crossover
2021-01-13,AAPL,126.95683288574219,126.88120487758091,Crossover
2021-01-14,AMZN,157.74564034598214,157.11997404552642,Crossover
2021-01-14,AAPL,126.97214181082589,126.7879402523949,Crossover
2021-01-19,GOOGL,87.402459280831479,86.644523620605469,Crossover
2021-01-19,MSFT,206.51001848493303,206.26006789434524,Crossover
2021-01-20,AMZN,156.93878173828125,156.79816400437127,Crossover
2021-01-20,AAPL,125.72630419049945,125.60520244780044,Crossover
2021-01-20,GOOGL,88.887221200125552,87.093048822312127,Crossover
2021-01-20,MSFT,210.24137224469865,207.12618655250185,Crossover
2021-01-27,GOOGL,94.015634809221538,93.908586047944567,Crossover
2021-02-01,AMZN,165.19142586844308,162.91078331356957,Crossover
2021-02-01,GOOGL,93.072861807686948,91.9155760265532,Crossover
2021-02-02,AMZN,166.43285478864397,163.03904506138392,Crossover
2021-02-02,GOOGL,94.374739510672427,92.1788791474842,Crossover
2021-02-02,MSFT,229.30875287737166,226.90770612444197,Crossover
2021-02-03,AAPL,131.26922389439173,131.07202221098402,Crossover
2021-02-04,AMZN,165.89035470145089,165.86630757649741,Crossover
2021-02-05,AMZN,167.30535670689173,167.19352286202567,Crossover
2021-02-08,AMZN,166.77292960030692,166.73847598121279,Crossover
2021-02-09,AAPL,133.2274889264788,133.06557210286459,Crossover
2021-02-17,AMZN,164.29799979073661,163.88002377464659,Crossover
2021-02-18,MSFT,235.18599373953683,235.02026730492003,Crossover
2021-02-19,AMZN,165.71207101004464,164.6846422467913,Crossover
2021-02-24,GOOGL,103.14069475446429,102.95847502208892,Crossover
2021-02-25,GOOGL,102.82735770089286,102.74598875499908,Crossover
2021-03-01,AMZN,156.54686192103796,155.88881211053757,Crossover
2021-03-01,AAPL,121.97313690185547,120.86066037132626,Crossover
2021-03-01,GOOGL,102.09669494628906,101.71931493849982,Crossover
2021-03-01,GOOGL,101.75795745849609,101.69675518217541,Crossover
2021-03-01,MSFT,224.07074846540175,224.043221609933,Crossover
2021-03-02,AMZN,156.56971958705358,155.49602617536272,Crossover
2021-03-03,AAPL,121.2454343523298,120.77005077543713,Crossover
2021-03-03,GOOGL,101.38751329694476,101.35412307012649,Crossover
2021-03-03,MSFT,224.89939880371094,224.2987867082868,Crossover
2021-03-05,GOOGL,101.89571271623883,101.73140135265533,Crossover
2021-03-05,GOOGL,102.79153224400112,101.86102912539528,Crossover
2021-03-08,MSFT,221.90828813825334,221.44163731166296,Crossover
2021-03-09,AMZN,151.55821663992745,149.92654636928015,Crossover
2021-03-10,AMZN,152.31314522879464,150.0518798828125,Crossover
2021-03-10,AAPL,117.35178375244141,116.86896296909877,Crossover
2021-03-11,GOOGL,103.39459337506976,101.7270013718378,Crossover
2021-03-11,GOOGL,102.02511487688336,101.70238458542596,Crossover
2021-03-15,AMZN,154.59085954938615,154.04650297619048,Crossover
2021-03-15,GOOGL,102.18791416713169,102.12868354434059,Crossover
2021-03-16,GOOGL,103.06295013427734,102.81596374511719,Crossover
2021-03-17,AMZN,155.21971566336495,154.85945420038132,Crossover
2021-03-18,AAPL,121.27052198137555,120.69337172735307,Crossover
2021-03-18,GOOGL,102.53409903390067,102.49647703624908,Crossover
2021-03-18,MSFT,227.62211826869415,227.45602199009485,Crossover
2021-03-22,AMZN,154.26100158691406,154.24424017043341,Crossover
2021-03-22,AMZN,154.77400207519531,154.33476402646019,Crossover
2021-03-22,AAPL,119.462404523577,119.37550862630208,Crossover
2021-03-22,MSFT,225.83544921875,225.20498875209265,Crossover
2021-03-23,AAPL,120.17337908063617,119.1315456572033,Crossover
2021-03-23,GOOGL,101.1409192766462,101.02869342622303,Crossover
2021-03-23,GOOGL,101.21639796665737,100.93200283958798,Crossover
2021-03-24,AAPL,118.8978031703404,118.58460235595703,Crossover
2021-03-25,GOOGL,100.99229867117745,100.94663928803944,Crossover
2021-03-25,MSFT,226.73979840959819,226.16992696126303,Crossover
2021-03-29,AMZN,153.44792829241072,153.43559628441221,Crossover
2021-03-29,AAPL,118.22168513706752,118.19612194242931,Crossover
2021-03-29,GOOGL,101.14063916887555,101.00436365036737,Crossover
2021-03-29,GOOGL,101.29003579275948,101.01491001674107,Crossover
2021-03-29,MSFT,227.1196790422712,226.8719249906994,Crossover
2021-03-30,AMZN,153.4712132045201,153.23985799153647,Crossover
2021-03-30,GOOGL,101.44425746372768,101.02706473214286,Crossover
2021-03-30,MSFT,226.3695068359375,226.17954508463538,Crossover
2021-03-31,AAPL,118.5729773385184,118.21005866641087,Crossover
2021-03-31,AAPL,118.25931113106863,118.13756742931545,Crossover
2021-04-01,AAPL,119.00514221191406,118.3220494588216,Crossover
2021-04-01,MSFT,228.9876207624163,226.88935852050776,Crossover
2021-04-14,AMZN,168.56428309849329,168.225831531343,Crossover
2021-04-15,GOOGL,112.8649150303432,112.08815256754558,Crossover
2021-04-15,MSFT,247.88832964215962,247.58640906924293,Crossover
2021-04-16,AMZN,169.24521309988839,168.75449770972841,Crossover
2021-04-16,AAPL,131.1572984967913,130.02437627883185,Crossover
2021-04-16,GOOGL,113.44434792654855,112.20688011532738,Crossover
2021-04-20,AMZN,168.52985273088728,168.45806812104723,Crossover
2021-04-20,AAPL,130.860347202846,130.71397835867745,Crossover
2021-04-20,GOOGL,113.39874049595424,113.23959459577286,Crossover
2021-04-20,MSFT,249.5180882045201,249.19736807686942,Crossover
2021-04-22,MSFT,250.14302934919084,249.84385608491442,Crossover
2021-04-23,AAPL,130.41286141531808,130.07596333821616,Crossover
2021-04-23,GOOGL,113.19981275285993,113.09766678583054,Crossover
2021-04-23,MSFT,250.53532191685272,249.81357465471541,Crossover
2021-04-26,AMZN,168.01714651925224,167.18204679943267,Crossover
2021-04-26,AAPL,131.18796430315291,130.14520481654577,Crossover
2021-04-26,GOOGL,114.35066659109934,113.24252391996841,Crossover
2021-04-26,MSFT,251.74111938476565,250.0934593563988,Crossover
2021-04-28,AAPL,130.80601719447546,130.75070699055991,Crossover
2021-05-03,AMZN,172.82071576799666,172.52331324986048,Crossover
2021-05-03,GOOGL,117.07352992466519,116.63479541596912,Crossover
2021-05-06,GOOGL,115.58642905099052,115.58328283400763,Crossover
2021-05-06,GOOGL,115.7466070992606,115.5450933547247,Crossover
2021-05-07,AAPL,126.47478049142022,126.46954600016277,Crossover
2021-05-07,MSFT,240.55431910923548,240.04823230561755,Crossover
2021-05-10,GOOGL,115.51024300711495,115.4323973882766,Crossover
2021-05-14,AMZN,159.38985988071985,159.34945315406435,Crossover
2021-05-14,AAPL,123.89097486223491,122.5308347429548,Crossover
2021-05-14,AAPL,122.85202135358536,122.44704764229911,Crossover
2021-05-14,GOOGL,112.08863394601005,111.59643118722099,Crossover
2021-05-14,MSFT,237.69533865792411,235.34610566638764,Crossover
2021-05-14,MSFT,236.9905787876674,235.30160013834634,Crossover
2021-05-18,AAPL,122.83524649483817,122.7151623680478,Crossover
2021-05-18,MSFT,235.66498674665178,235.10430472237724,Crossover
2021-05-19,AMZN,161.60371180943079,161.44681004115515,Crossover
2021-05-19,GOOGL,112.60031018938336,112.47555578322638,Crossover
2021-05-20,AAPL,123.71500505719864,123.02889070056733,Crossover
2021-05-20,GOOGL,113.29998779296875,113.12895093645368,Crossover
2021-05-20,GOOGL,114.05442810058594,113.33162471226284,Crossover
2021-05-20,MSFT,236.18986293247767,236.08365376790366,Crossover
2021-05-21,AAPL,123.92167227608816,122.89576248895554,Crossover
2021-05-24,AMZN,161.6507851736886,161.5953100295294,Crossover
2021-05-25,AMZN,162.45035443987166,161.72392926897322,Crossover
2021-05-27,AMZN,162.50692313058036,162.25135512579055,Crossover
2021-05-27,AAPL,123.7848390851702,123.66334134056454,Crossover
2021-05-27,MSFT,241.98036411830358,241.59958539690291,Crossover
2021-06-01,GOOGL,117.89827292306083,117.6834952944801,Crossover
2021-06-02,AMZN,161.48035103934151,161.41490100678942,Crossover
2021-06-02,GOOGL,117.99574279785156,117.70175025576637,Crossover
2021-06-03,AMZN,161.25435093470983,161.22882952008928,Crossover
2021-06-03,GOOGL,117.62948390415735,117.53241766066776,Crossover
2021-06-04,AAPL,122.07419586181641,121.82469140915643,Crossover
2021-06-04,AAPL,122.40235900878906,121.88427298409599,Crossover
2021-06-04,GOOGL,117.87997109549387,117.72312418619792,Crossover
2021-06-04,MSFT,239.40311104910714,239.30332220168341,Crossover
2021-06-07,AAPL,122.73191833496094,121.94431995210194,Crossover
2021-06-07,GOOGL,118.59439740862167,117.91742560977028,Crossover
2021-06-07,MSFT,241.92240251813615,239.59535217285156,Crossover
2021-06-08,AMZN,161.78907339913505,160.66814240955171,Crossover
2021-06-08,AMZN,160.84478541782923,160.52471269880022,Crossover
2021-06-11,AAPL,123.96636635916573,123.86908576602028,Crossover
2021-06-11,AAPL,124.13952418736049,123.93658011300224,Crossover
2021-06-15,GOOGL,121.02449471609934,120.83478255498977,Crossover
2021-06-16,MSFT,249.59345136369976,249.45870971679688,Crossover
2021-06-17,MSFT,250.51368931361608,250.06806800478981,Crossover
2021-06-18,MSFT,251.56500026157929,250.25615728469123,Crossover
2021-06-21,GOOGL,120.4952861240932,120.29493350074405,Crossover
2021-06-24,AMZN,174.40899440220423,174.19490341913132,Crossover
2021-06-25,AAPL,130.4081529889788,130.33740960984002,Crossover
2021-06-29,AMZN,172.2855725969587,172.2095932733445,Crossover
2021-06-29,AAPL,131.73196847098214,130.86199587867372,Crossover
2021-06-29,GOOGL,121.65536608014789,121.57245672316779,Crossover
2021-07-01,AMZN,171.85392543247767,171.81961786179315,Crossover
2021-07-02,GOOGL,121.95451899937221,121.63583228701637,Crossover
2021-07-12,GOOGL,125.07215118408203,125.03729974655877,Crossover
2021-07-13,MSFT,269.84847586495533,268.90754045758922,Crossover
2021-07-13,MSFT,268.83854457310269,268.81095668247764,Crossover
2021-07-16,AAPL,144.55692836216517,143.69996933710007,Crossover
2021-07-16,MSFT,271.2957763671875,271.19001406715029,Crossover
2021-07-21,AMZN,179.00263977050781,178.77440606980096,Crossover
2021-07-21,AAPL,142.65355355398995,142.42174421037947,Crossover
2021-07-21,AAPL,142.44408525739397,142.13500395275298,Crossover
2021-07-21,GOOGL,125.72508566720145,125.41620708647228,Crossover
2021-07-21,GOOGL,126.1051777430943,125.46766408284505,Crossover
2021-07-21,MSFT,270.33417619977678,270.06373668852308,Crossover
2021-07-21,MSFT,270.90809849330356,270.09776524135043,Crossover
2021-07-27,AAPL,145.01915631975447,144.15428815569197,Crossover
2021-07-27,MSFT,278.11829049246649,277.22885277157741,Crossover
2021-08-02,AAPL,142.48459516252791,142.46132187616257,Crossover
2021-08-02,AAPL,142.38964625767298,142.34495544433594,Crossover
2021-08-03,GOOGL,134.48093087332589,134.36077154250373,Crossover
2021-08-03,MSFT,276.65858677455356,276.07223656063991,Crossover
2021-08-04,AMZN,167.90056501116072,167.85730852399553,Crossover
2021-08-04,GOOGL,134.41466413225447,134.22246297200522,Crossover
2021-08-04,MSFT,276.87248447963168,276.08742850167408,Crossover
2021-08-05,AMZN,168.49564034598214,167.78509376162575,Crossover
2021-08-06,AMZN,168.13414001464844,167.89049711681548,Crossover
2021-08-12,AAPL,143.64068603515625,143.12089320591517,Crossover
2021-08-12,MSFT,278.31284877232144,278.07000151134673,Crossover
2021-08-17,GOOGL,136.660648890904,136.43879554385231,Crossover
2021-08-18,AAPL,146.62652151925224,146.51325189499627,Crossover
2021-08-18,MSFT,283.01154000418524,282.51152692522317,Crossover
2021-08-20,GOOGL,135.74349539620536,135.50775291806175,Crossover
2021-08-20,GOOGL,135.99171665736608,135.4661363874163,Crossover
2021-08-20,MSFT,287.37589372907365,284.51108805338538,Crossover
2021-08-23,AMZN,160.939213344029,160.58138238816034,Crossover
2021-08-23,AAPL,145.07835388183594,144.83734421502976,Crossover
2021-08-25,AAPL,145.94546726771765,145.57717096237909,Crossover
2021-08-25,MSFT,293.01855032784596,292.314944312686,Crossover
2021-08-30,AAPL,145.95944649832589,145.62100365048363,Crossover
2021-08-30,MSFT,292.69093104771207,291.42381213960192,Crossover
2021-09-02,MSFT,291.97075544084822,291.95739310128346,Crossover
2021-09-08,GOOGL,142.87400599888392,142.83416748046875,Crossover
2021-09-09,AMZN,175.0938502720424,174.82637605212983,Crossover
2021-09-09,AAPL,151.92421395438058,151.63936941964286,Crossover
2021-09-09,GOOGL,142.76908438546317,142.75497436523438,Crossover
2021-09-14,GOOGL,141.50793021065849,141.41327485584077,Crossover
2021-09-14,GOOGL,141.47785295758928,141.46749587286087,Crossover
2021-09-14,MSFT,288.14859880719865,287.99103073846726,Crossover
2021-09-15,AMZN,173.42107500348772,173.20169358026413,Crossover
2021-09-16,AMZN,173.69421822684151,173.21140834263392,Crossover
2021-09-16,AAPL,145.8293958391462,145.7720460437593,Crossover
2021-09-16,AAPL,145.76226152692522,145.75526428222656,Crossover
2021-09-17,GOOGL,142.34387860979353,142.13314456031435,Crossover
2021-09-17,MSFT,292.37992640904019,292.25044323149183,Crossover
2021-09-22,AAPL,142.10649762834822,141.72703406924293,Crossover
2021-09-22,GOOGL,138.9677450997489,138.93651035853796,Crossover
2021-09-22,MSFT,287.86802891322543,287.65928431919644,Crossover
2021-09-23,AMZN,169.51607404436385,169.23602658226378,Crossover
2021-09-23,MSFT,288.52601405552457,287.39848836263019,Crossover
2021-09-27,MSFT,288.22605678013389,288.21315801711307,Crossover
2021-10-01,GOOGL,134.79416329520089,134.45760890415735,Crossover
2021-10-01,MSFT,277.75497872488842,275.85890270414808,Crossover
2021-10-01,MSFT,276.7624729701451,276.09251476469495,Crossover
2021-10-04,GOOGL,134.79182434082031,134.10705057779947,Crossover
2021-10-04,MSFT,277.91948154994418,275.3492896670387,Crossover
2021-10-05,GOOGL,134.4206041608538,134.02140154157365,Crossover
2021-10-05,GOOGL,134.08527483258928,133.94244602748327,Crossover
2021-10-06,AMZN,162.22171238490515,162.11504545665923,Crossover
2021-10-06,AAPL,138.39199829101562,138.19853355771019,Crossover
2021-10-06,GOOGL,134.9747096470424,134.17328244163878,Crossover
2021-10-06,MSFT,280.61361258370533,277.32785179501491,Crossover
2021-10-11,AMZN,163.52414376395089,163.49333408900671,Crossover
2021-10-13,AMZN,163.68614632742745,163.41685921805245,Crossover
2021-10-13,MSFT,285.29410661969865,284.97618611653644,Crossover
2021-10-14,AMZN,164.4365735735212,163.437501453218,Crossover
2021-10-14,AAPL,139.54158238002233,139.24695114862351,Crossover
2021-10-14,AAPL,139.94016156877791,139.28704325358072,Crossover
2021-10-14,GOOGL,137.65231323242188,137.44105820428757,Crossover
2021-10-14,GOOGL,138.15867614746094,137.50563485281808,Crossover
2021-10-14,MSFT,287.13259887695312,285.40746924990697,Crossover
2021-10-26,AAPL,145.99020167759485,145.90956479027159,Crossover
2021-10-26,MSFT,299.52239554268971,299.42009335472471,Crossover
2021-10-27,AMZN,169.03806849888392,168.29754493350075,Crossover
2021-10-27,AAPL,146.04895673479353,145.86108616420202,Crossover
2021-10-27,GOOGL,143.25543648856026,139.25778052920387,Crossover
2021-10-27,MSFT,301.60139683314731,300.14627365838913,Crossover
2021-11-03,AMZN,168.18213980538505,167.57861982073103,Crossover
2021-11-03,AAPL,147.89361790248327,147.02885945638022,Crossover
2021-11-03,AAPL,147.48244149344308,147.12955583844865,Crossover
2021-11-03,GOOGL,144.932377406529,144.82107979910714,Crossover
2021-11-08,AAPL,148.1220703125,147.80240885416666,Crossover
2021-11-09,MSFT,325.79192679268971,325.091555640811,Crossover
2021-11-10,AMZN,176.79335021972656,175.70987883068267,Crossover
2021-11-12,AAPL,146.45679364885603,146.2849876767113,Crossover
2021-11-12,GOOGL,146.42033168247767,146.40293666294642,Crossover
2021-11-12,GOOGL,146.83341326032365,146.38624209449404,Crossover
2021-11-12,MSFT,324.0391627720424,323.31343732561385,Crossover
2021-11-15,AMZN,176.028076171875,175.77459353492372,Crossover
2021-11-15,AAPL,146.75512041364397,146.26444789341517,Crossover
2021-11-15,GOOGL,147.59545026506697,146.33679780505952,Crossover
2021-11-18,GOOGL,147.54125104631697,147.37705848330543,Crossover
2021-11-22,AMZN,182.34278869628906,180.75259472074964,Crossover
2021-11-22,GOOGL,147.66340637207031,147.54154096330916,Crossover
2021-11-26,AAPL,157.97372872488839,157.86400567917596,Crossover
2021-11-30,AAPL,157.32807922363281,157.20527721586683,Crossover
2021-12-03,AAPL,160.42333766392298,160.23473612467447,Crossover
2021-12-03,GOOGL,141.71301705496651,141.67523556663878,Crossover
2021-12-06,AAPL,161.10542079380579,160.77441333589098,Crossover
2021-12-07,AMZN,171.78521510532923,171.46307227725075,Crossover
2021-12-07,AAPL,162.41355895996094,161.04892403738839,Crossover
2021-12-07,MSFT,318.62455531529019,317.758544921875,Crossover
2021-12-14,MSFT,327.91549246651783,326.74989682152159,Crossover
2021-12-15,AMZN,172.10828944614954,171.1952907017299,Crossover
2021-12-15,AAPL,174.39405604771204,173.60880897158668,Crossover
2021-12-16,AMZN,172.0452880859375,170.78381420317152,Crossover
2021-12-16,AMZN,170.77557373046875,170.46562340146019,Crossover
2021-12-16,AAPL,173.814204624721,173.16575549897692,Crossover
2021-12-16,GOOGL,144.87151663643974,144.799806140718,Crossover
2021-12-21,AMZN,169.46328953334265,169.2970254080636,Crossover
2021-12-21,AAPL,168.69231305803572,168.53591264997209,Crossover
2021-12-21,MSFT,315.22892979213168,314.55217633928572,Crossover
2021-12-22,AAPL,169.51725115094865,168.36504255022322,Crossover
2021-12-22,GOOGL,144.15964399065291,142.28401329403832,Crossover
2021-12-27,AMZN,170.26906694684709,170.25945245651971,Crossover
2021-12-30,AAPL,175.53413827078683,175.37633623395647,Crossover
2021-12-30,MSFT,331.02305385044644,329.64097522553942,Crossover
2022-01-03,AMZN,169.3509238106864,168.83314150855654,Crossover
2022-01-03,AAPL,177.19944327218192,175.77644566127233,Crossover
2022-01-04,AMZN,169.58092607770647,168.6037132626488,Crossover
2022-01-04,AAPL,177.79608372279577,175.81052652994791,Crossover
2022-01-05,AAPL,175.83244977678572,175.6471230643136,Crossover
2022-01-10,GOOGL,137.250732421875,137.1703367687407,Crossover
2022-01-11,AMZN,164.25456891741072,163.22080703008743,Crossover
2022-01-11,AAPL,169.62509809221541,169.54618980771019,Crossover
2022-01-11,AAPL,170.02986363002233,169.5536608014788,Crossover
2022-01-11,GOOGL,138.02226039341517,137.04252624511719,Crossover
2022-01-11,MSFT,304.94642421177457,304.89886474609375,Crossover
2022-01-12,AMZN,165.31771414620536,163.35428365071616,Crossover
2022-01-13,AMZN,163.49571663992745,163.4085228329613,Crossover
2022-01-13,AAPL,170.68674795968192,170.26703171502976,Crossover
2022-01-13,GOOGL,138.84799848284041,138.45279366629464,Crossover
2022-01-13,MSFT,306.20794677734375,305.24828374953495,Crossover
2022-01-27,GOOGL,128.186030796596,128.17484356108167,Crossover
2022-01-27,MSFT,288.49573625837053,285.8165283203125,Crossover
2022-01-28,AMZN,141.49771118164062,140.85933067685082,Crossover
2022-01-28,AAPL,160.76786586216517,158.23235502697173,Crossover
2022-02-03,AMZN,149.01450238909041,148.36347598121279,Crossover
2022-02-03,AAPL,171.15873282296317,170.67600431896392,Crossover
2022-02-07,AMZN,157.80864170619421,150.93411981491815,Crossover
2022-02-08,AAPL,170.73311941964286,169.8452431815011,Crossover
2022-02-08,AAPL,170.28856767926897,169.88199579148065,Crossover
2022-02-09,AAPL,171.38101632254464,169.87627229236421,Crossover
2022-02-09,MSFT,295.65959821428572,294.26688203357514,Crossover
2022-02-10,AMZN,160.25263977050781,159.64864095052084,Crossover
2022-02-10,AAPL,170.71209062848772,170.48536900111608,Crossover
2022-02-10,GOOGL,139.88930184500558,139.7998315720331,Crossover
2022-02-15,AAPL,168.52299499511719,167.74234880719865,Crossover
2022-02-15,AAPL,167.97467041015625,167.90549142020089,Crossover
2022-02-15,MSFT,289.75877162388394,289.69460042317706,Crossover
2022-02-16,AMZN,156.54571315220423,156.09395272391183,Crossover
2022-02-16,AAPL,169.55234418596541,167.58809262230284,Crossover
2022-02-16,GOOGL,135.99325997488839,135.3541259765625,Crossover
2022-02-16,MSFT,290.46770804268971,289.18263317289808,Crossover
2022-02-17,AMZN,156.13020978655135,155.90890430268786,Crossover
2022-02-17,AAPL,167.84007045200892,167.51938302176339,Crossover
2022-02-17,AAPL,168.35474504743303,167.50816490536644,Crossover
2022-02-17,GOOGL,135.31925528390067,134.85894412086122,Crossover
2022-02-17,MSFT,288.49970790318082,288.08393932524183,Crossover
2022-02-24,GOOGL,129.61005183628626,129.33957236153739,Crossover
2022-02-24,GOOGL,130.33405412946428,129.34675997779482,Crossover
2022-02-24,MSFT,282.18982805524553,279.54438999720981,Crossover
2022-02-24,MSFT,280.20261928013394,279.36583600725447,Crossover
2022-02-25,AMZN,153.09407043457031,150.16459292457216,Crossover
2022-02-25,AAPL,160.93765258789062,160.32014610653832,Crossover
2022-02-25,GOOGL,131.30897412981307,129.43758682977585,Crossover
2022-02-25,MSFT,286.91916329520092,280.28265380859375,Crossover
2022-03-02,AAPL,162.56154959542411,161.80381920224144,Crossover
2022-03-02,GOOGL,133.36027526855469,133.35062880743118,Crossover
2022-03-03,AAPL,162.98646763392858,161.96695963541666,Crossover
2022-03-03,MSFT,290.41896275111606,289.14042881556918,Crossover
2022-03-03,MSFT,289.82641165597096,289.07613118489581,Crossover
2022-03-04,AAPL,162.32177080426897,162.05530657087053,Crossover
2022-03-09,AAPL,158.41481018066406,158.02401224772134,Crossover
2022-03-09,GOOGL,129.81798553466797,129.03509339832124,Crossover
2022-03-09,MSFT,276.73746163504467,275.76237996419269,Crossover
2022-03-10,AMZN,141.43286350795202,139.99674115862166,Crossover
2022-03-10,AAPL,158.7177233014788,157.44623965308779,Crossover
2022-03-10,GOOGL,131.46952492850167,128.9428954351516,Crossover
2022-03-10,MSFT,278.08908517020092,275.28454153878346,Crossover
2022-03-11,MSFT,275.12354823521207,274.148919968378,Crossover
2022-03-14,AMZN,143.42650059291296,142.74028887067522,Crossover
2022-03-15,AMZN,145.79121398925781,145.09935942150298,Crossover
2022-03-15,MSFT,275.96453857421875,274.52407546270462,Crossover
2022-03-16,AMZN,147.39850071498327,145.75769260951452,Crossover
2022-03-16,AAPL,153.5065416608538,152.17757016136534,Crossover
2022-03-16,GOOGL,129.47145298549108,128.70169285365515,Crossover
2022-03-16,GOOGL,131.20910426548548,128.82242911202567,Crossover
2022-03-16,MSFT,278.45548793247769,274.79653494698658,Crossover
2022-03-25,MSFT,294.70421055385043,293.16477021716889,Crossover
2022-03-30,AMZN,168.02328491210938,166.91649881998697,Crossover
2022-03-31,AAPL,173.62198311941964,173.41350301106772,Crossover
2022-03-31,MSFT,302.57249232700894,302.32781546456471,Crossover
2022-04-04,AMZN,166.97892543247767,165.49237787155877,Crossover
2022-04-04,AAPL,173.42847769601005,173.19754754929315,Crossover
2022-04-04,GOOGL,141.19168744768416,140.13563392275856,Crossover
2022-04-04,MSFT,303.65076555524553,302.92129080636158,Crossover
2022-04-04,MSFT,304.42092459542408,302.90093558175221,Crossover
2022-04-05,AAPL,174.11281694684709,172.99093337286087,Crossover
2022-04-13,AMZN,154.18285914829798,153.2066417875744,Crossover
2022-04-13,AMZN,153.50378853934151,153.313475109282,Crossover
2022-04-13,AAPL,165.7365221296038,165.71782647995721,Crossover
2022-04-14,AMZN,154.31414358956474,152.9172130766369,Crossover
2022-04-14,AAPL,165.84026881626673,165.01056634812127,Crossover
2022-04-14,AAPL,165.12366158621651,164.78618730817522,Crossover
2022-04-19,AMZN,154.30800083705358,153.31159609840029,Crossover
2022-04-19,GOOGL,127.46380615234375,127.3302971976144,Crossover
2022-04-19,MSFT,275.14994594029019,275.006094796317,Crossover
2022-04-20,AAPL,164.28085109165735,163.8358372279576,Crossover
2022-04-20,MSFT,276.62369646344865,275.35487147739957,Crossover
2022-04-21,MSFT,275.85904802594865,274.89737810407365,Crossover
2022-04-27,MSFT,271.51138741629467,269.29749843052457,Crossover
2022-04-28,AMZN,142.7594996861049,142.16631353469123,Crossover
2022-04-28,AAPL,158.65457371303015,157.1222861153739,Crossover
2022-04-28,AAPL,157.66311209542411,157.03580874488466,Crossover
2022-04-28,MSFT,279.56707763671869,272.59194219680057,Crossover
2022-04-29,AAPL,158.95747811453683,156.68428112211683,Crossover
2022-05-03,GOOGL,115.540036882673,115.15251740955173,Crossover
2022-05-03,MSFT,275.58708844866072,275.43952578590029,Crossover
2022-05-04,AAPL,157.25784737723214,157.04888189406623,Crossover
2022-05-04,MSFT,277.13439069475447,275.58476765950519,Crossover
2022-05-05,MSFT,278.79549298967635,275.04910859607514,Crossover
2022-05-13,AMZN,108.68035452706475,107.95588102794829,Crossover
2022-05-13,GOOGL,113.43583679199219,113.02483803885323,Crossover
2022-05-13,GOOGL,112.98090362548828,112.8574454897926,Crossover
2022-05-16,AAPL,143.52053179059709,143.39413597470238,Crossover
2022-05-16,MSFT,253.91517203194755,252.6606946672712,Crossover
2022-05-17,AAPL,144.63845825195312,143.40396844773065,Crossover
2022-05-17,MSFT,254.70617021833147,252.53672354561942,Crossover
2022-05-18,AMZN,113.0096435546875,111.33890460786365,Crossover
2022-05-18,GOOGL,114.73856680733819,114.02129945300874,Crossover
2022-05-18,GOOGL,114.37741415841241,113.97663116455078,Crossover
2022-05-23,AAPL,138.36490740094865,138.08823431105841,Crossover
2022-05-23,MSFT,250.40888977050781,249.15980893089659,Crossover
2022-05-23,MSFT,251.53416442871094,248.90248689197358,Crossover
2022-05-24,MSFT,253.49816240583147,248.85426548549108,Crossover
2022-05-26,AMZN,107.00750078473773,106.72345297677177,Crossover
2022-05-27,GOOGL,107.4140156337193,107.24101184663319,Crossover
2022-06-03,MSFT,266.07925415039062,265.54744902111236,Crossover
2022-06-07,AAPL,145.47408185686385,145.40012032645089,Crossover
2022-06-08,AAPL,145.98529052734375,145.21286301385788,Crossover
2022-06-08,MSFT,264.51023646763394,264.26359340122769,Crossover
2022-06-09,AAPL,144.81681823730469,144.35522678920202,Crossover
2022-06-15,GOOGL,108.14745112827846,108.064452398391,Crossover
2022-06-15,MSFT,243.10640389578683,242.13042340959822,Crossover
2022-06-16,AMZN,105.95142909458707,105.15142785935174,Crossover
2022-06-16,AAPL,132.01131003243583,131.83107176281158,Crossover
2022-06-16,AAPL,131.63211713518416,131.5000951857794,Crossover
2022-06-16,GOOGL,107.9539304460798,107.4056632632301,Crossover
2022-06-17,AMZN,104.75714547293526,104.66047595796131,Crossover
2022-06-17,MSFT,239.83490644182478,239.47650001162575,Crossover
2022-06-21,AAPL,131.15179879324776,130.66446249825614,Crossover
2022-06-21,AAPL,131.75710623604911,130.81005532400948,Crossover
2022-06-21,GOOGL,106.87642996651786,106.87378401983352,Crossover
2022-06-21,MSFT,241.60140119280135,241.0083996000744,Crossover
2022-06-28,AAPL,138.07981872558594,136.89495486304872,Crossover
2022-06-28,GOOGL,114.80107116699219,113.48856898716518,Crossover
2022-06-28,MSFT,254.40368434361045,254.36099751790366,Crossover
2022-07-01,AMZN,108.60285513741631,108.26999918619792,Crossover
2022-07-01,AAPL,135.96053859165735,135.91326831635973,Crossover
2022-07-01,MSFT,251.97782244001118,251.79054478236608,Crossover
2022-07-05,AMZN,110.68571254185269,108.57380857921783,Crossover
2022-07-05,AAPL,138.42809840611048,136.68007914225259,Crossover
2022-07-05,GOOGL,111.20302472795758,109.97163245791481,Crossover
2022-07-05,GOOGL,110.56095341273716,109.9122557867141,Crossover
2022-07-06,GOOGL,112.03081512451172,110.09291548956008,Crossover
2022-07-11,AMZN,115.11142948695591,114.77381061372303,Crossover
2022-07-11,GOOGL,117.49256787981305,115.77044459751674,Crossover
2022-07-11,MSFT,260.27482386997769,259.18430001395092,Crossover
2022-07-14,AAPL,144.70446559361048,143.67501322428384,Crossover
2022-07-15,AMZN,112.29857199532645,110.90238153366815,Crossover
2022-07-15,MSFT,249.2237766810826,248.07299877348402,Crossover
2022-07-15,MSFT,248.85656956263952,248.43418012346541,Crossover
2022-07-19,GOOGL,110.9958779471261,110.37312534877231,Crossover
2022-07-20,AAPL,149.02024841308594,147.0503213065011,Crossover
2022-07-20,GOOGL,112.36500767299107,110.60973176502044,Crossover
2022-07-25,AMZN,122.55285535539899,121.96618833996001,Crossover
2022-07-25,AAPL,151.0046888078962,150.94008382161459,Crossover
2022-07-25,AAPL,151.5018528529576,150.75751023065476,Crossover
2022-07-27,AAPL,152.68155343191964,151.3262939453125,Crossover
2022-07-27,GOOGL,110.00414385114398,107.91238149007164,Crossover
2022-07-27,GOOGL,108.86343928745815,107.97291637602309,Crossover
2022-07-27,MSFT,254.63452148437497,253.15594627743675,Crossover
2022-07-28,AMZN,120.27714320591518,119.95142764136905,Crossover
2022-07-28,AAPL,154.29663957868303,151.57253519694009,Crossover
2022-07-28,GOOGL,112.61471339634487,108.20559765043716,Crossover
2022-07-28,MSFT,263.79528808593744,254.61736842564173,Crossover
2022-08-02,MSFT,269.35634940011158,269.216312953404,Crossover
2022-08-02,MSFT,269.80006626674106,268.93441191173736,Crossover
2022-08-04,MSFT,274.13004847935269,271.87627011253716,Crossover
2022-08-08,AMZN,140.20428902762276,139.769528343564,Crossover
2022-08-08,AAPL,162.57792881556921,162.11345127650671,Crossover
2022-08-08,GOOGL,116.61710684640066,116.52110472179595,Crossover
2022-08-08,MSFT,274.37763759068082,274.04241071428572,Crossover
2022-08-10,AMZN,141.30143083844865,140.29619344075522,Crossover
2022-08-10,AAPL,163.57222638811385,162.97499302455358,Crossover
2022-08-10,GOOGL,118.0089362008231,116.98788306826637,Crossover
2022-08-10,MSFT,276.77281842912947,275.433346702939,Crossover
2022-08-11,AMZN,141.7028590611049,140.20428830101378,Crossover
2022-08-11,GOOGL,118.63603973388672,117.08341362362816,Crossover
2022-08-17,AMZN,143.24857439313615,143.20142836797805,Crossover
2022-08-17,GOOGL,120.61524636404855,120.17352948869977,Crossover
2022-08-17,MSFT,284.57096644810264,284.32027326311385,Crossover
2022-08-19,AAPL,171.13006809779577,170.92661539713541,Crossover
2022-08-25,AMZN,134.79428754534041,134.7942846389044,Crossover
2022-08-25,AAPL,165.98131452287947,165.77833629789808,Crossover
2022-08-25,GOOGL,114.17112731933594,114.00086866106305,Crossover
2022-08-25,MSFT,271.22855922154019,270.89447893415178,Crossover
2022-08-26,AMZN,134.48142787388392,134.06714230492003,Crossover
2022-08-26,GOOGL,114.53575243268695,113.62299891880581,Crossover
2022-08-26,MSFT,270.15525599888394,270.05535452706471,Crossover
2022-09-01,GOOGL,108.55698503766742,108.3924077351888,Crossover
2022-09-02,GOOGL,108.50448935372489,108.27464839390346,Crossover
2022-09-02,GOOGL,108.18384225027901,108.1261476789202,Crossover
2022-09-07,AMZN,127.55428423200335,127.42618996756417,Crossover
2022-09-07,AMZN,128.5171399797712,127.68428511846633,Crossover
2022-09-07,GOOGL,107.95115770612445,107.70807320731026,Crossover
2022-09-08,GOOGL,108.39665985107422,107.65132177443732,Crossover
2022-09-08,MSFT,251.94539969308033,250.69877697172615,Crossover
2022-09-09,AAPL,154.10591779436385,153.17304774693079,Crossover
2022-09-12,AAPL,155.367431640625,153.53026689801897,Crossover
2022-09-13,AMZN,132.32285526820593,131.74285852341424,Crossover
2022-09-13,GOOGL,109.14294324602399,108.8218234834217,Crossover
2022-09-19,AAPL,151.0161634172712,150.86331830705916,Crossover
2022-09-22,AAPL,151.64057268415178,151.5008828299386,Crossover
2022-09-28,AMZN,116.98143114362446,115.43142990838913,Crossover
2022-09-28,GOOGL,98.641098022460952,98.011623927525108,Crossover
2022-09-28,GOOGL,98.279304504394531,98.015879313151046,Crossover
2022-09-28,MSFT,233.91952296665735,232.55906386602493,Crossover
2022-09-29,AMZN,117.09285954066685,115.36047799246651,Crossover
2022-09-29,GOOGL,98.618399483816987,97.82056063697452,Crossover
2022-09-29,GOOGL,97.8721139090402,97.69570668538411,Crossover
2022-09-29,MSFT,234.22339957101002,232.37785920642671,Crossover
2022-10-03,MSFT,232.71099853515628,232.19805181594123,Crossover
2022-10-04,AMZN,116.21285465785434,115.692381359282,Crossover
2022-10-04,AAPL,141.2629677908761,140.9751259940011,Crossover
2022-10-04,GOOGL,97.965749468122212,97.4441117786226,Crossover
2022-10-04,MSFT,234.93844822474892,232.77744838169642,Crossover
2022-10-07,AMZN,119.57285853794643,119.31714121500652,Crossover
2022-10-07,GOOGL,100.33795383998326,99.992716834658665,Crossover
2022-10-13,AAPL,138.15204293387276,137.72780136835007,Crossover
2022-10-13,GOOGL,97.317361014229917,97.2265625,Crossover
2022-10-13,MSFT,223.82071794782362,223.37142726353233,Crossover
2022-10-17,AMZN,111.82142966134208,111.56238156273251,Crossover
2022-10-17,AAPL,138.49662998744421,138.11268325079055,Crossover
2022-10-17,AAPL,139.06339154924666,138.27347673688615,Crossover
2022-10-17,GOOGL,97.349996294294087,97.2979736328125,Crossover
2022-10-20,GOOGL,99.0922622680664,98.91018931070964,Crossover
2022-10-20,MSFT,230.60203988211495,230.30328078497024,Crossover
2022-10-21,GOOGL,99.614383152553017,99.503715878441227,Crossover
2022-10-24,MSFT,237.67327444893974,233.3498753138951,Crossover
2022-10-28,AAPL,150.24264090401786,148.16589646112351,Crossover
2022-10-31,AAPL,152.64473179408483,148.39513506208147,Crossover
2022-10-31,GOOGL,94.367710658482153,94.312848772321431,Crossover
2022-10-31,MSFT,227.53826468331468,226.78741382417223,Crossover
2022-11-01,MSFT,226.46496582031244,225.74245561872209,Crossover
2022-11-07,GOOGL,86.528924124581479,86.250837780180433,Crossover
2022-11-07,GOOGL,87.070894513811382,86.063557216099326,Crossover
2022-11-07,MSFT,217.82281494140625,215.92013622465589,Crossover
2022-11-08,AAPL,137.39655412946428,137.2096666608538,Crossover
2022-11-09,AAPL,136.82603018624442,136.74386378696985,Crossover
2022-11-10,AMZN,93.632855006626656,90.827618916829422,Crossover
2022-11-10,AAPL,139.75611659458704,137.61583818708147,Crossover
2022-11-11,AMZN,99.601428440638955,93.2490477789016,Crossover
2022-11-11,AAPL,145.62477547781808,139.05224391392298,Crossover
2022-11-15,MSFT,235.86261422293526,234.99421183268228,Crossover
2022-11-17,AAPL,147.80829075404577,147.34247334798178,Crossover
2022-11-17,MSFT,236.49233572823661,236.43138122558594,Crossover
2022-11-18,GOOGL,97.422354561941958,97.229872930617546,Crossover
2022-11-18,MSFT,236.28546796526228,236.22180103120348,Crossover
2022-11-18,MSFT,236.34976632254464,236.20554969424293,Crossover
2022-11-21,MSFT,236.4923597063337,236.41546485537575,Crossover
2022-11-22,MSFT,237.67352294921875,236.77890087309339,Crossover
2022-11-23,AMZN,93.864282880510586,93.547617231096538,Crossover
2022-11-23,AAPL,148.34216744559151,148.02757771809897,Crossover
2022-11-23,GOOGL,96.785321916852681,96.513387770879831,Crossover
2022-11-25,AMZN,93.894283839634468,93.479046049572176,Crossover
2022-11-28,GOOGL,96.734243120465962,96.425423395066034,Crossover
2022-11-28,MSFT,240.56141662597656,240.0633326939174,Crossover
2022-11-29,AMZN,93.654283796037959,93.612855820428763,Crossover
2022-11-30,AAPL,144.03858947753906,143.62771751767113,Crossover
2022-11-30,GOOGL,97.829550606863833,96.684588114420578,Crossover
2022-11-30,MSFT,241.36798095703128,240.24226016090029,Crossover
2022-12-01,AMZN,95.7971431187221,94.545713515508751,Crossover
2022-12-01,AAPL,146.16855948311942,143.53568740118118,Crossover
2022-12-01,GOOGL,100.29824066162109,97.591667175292969,Crossover
2022-12-01,MSFT,247.5156032017299,241.27804638090589,Crossover
2022-12-02,AMZN,94.912855965750538,94.5971418108259,Crossover
2022-12-05,AAPL,145.08950151715959,145.07822454543341,Crossover
2022-12-05,GOOGL,99.3433859688895,99.131047566731766,Crossover
2022-12-05,MSFT,248.18375941685267,246.29530189150856,Crossover
2022-12-08,AMZN,89.809998648507261,89.737142653692331,Crossover
2022-12-09,AMZN,89.899998256138389,89.497142610095793,Crossover
2022-12-09,MSFT,241.52171979631697,241.17552911667596,Crossover
2022-12-12,AAPL,141.49590192522322,140.51966857910156,Crossover
2022-12-13,GOOGL,93.3291484287807,93.1797100248791,Crossover
2022-12-15,AMZN,91.262857709612163,90.8095234462193,Crossover
2022-12-15,GOOGL,93.9009268624442,93.406243097214471,Crossover
2022-12-15,MSFT,248.24106488909041,247.71969313848589,Crossover
2022-12-21,AMZN,86.318569728306358,86.292856488909038,Crossover
2022-12-21,AAPL,132.67879813058036,131.93218485514322,Crossover
2022-12-21,GOOGL,88.807487487792969,88.785730997721359,Crossover
2022-12-21,MSFT,238.4339381626674,237.90322222028459,Crossover
2022-12-22,AMZN,86.118569510323667,86.07095191592262,Crossover
2022-12-22,AAPL,132.66893441336495,131.73167782738096,Crossover
2022-12-22,MSFT,237.92932346888952,237.39907400948661,Crossover
2022-12-29,MSFT,234.01120867047985,232.70704360235305,Crossover
2022-12-30,AMZN,83.817143031529014,83.592857360839844,Crossover
2022-12-30,AAPL,127.89766802106585,127.52060154506138,Crossover
2022-12-30,AAPL,127.98782566615513,127.33934892926898,Crossover
2022-12-30,GOOGL,87.781705583844868,87.145616077241442,Crossover
2022-12-30,MSFT,235.49011230468744,232.83378165108817,Crossover
2023-01-05,AMZN,84.948571341378354,84.7057142711821,Crossover
2023-01-06,AAPL,125.87334987095424,124.93281010219029,Crossover
2023-01-09,AMZN,86.811429704938618,85.370477222260973,Crossover
2023-01-09,AAPL,128.19066292898995,125.88274092901321,Crossover
2023-01-09,GOOGL,87.224114554268979,86.892123631068642,Crossover
2023-01-10,MSFT,222.16746303013392,221.14285278320312,Crossover
2023-01-18,AMZN,96.261431012834819,96.100475856236045,Crossover
2023-01-19,GOOGL,91.317318507603233,91.047750927153089,Crossover
2023-01-20,AMZN,96.230000087193076,95.729524521600638,Crossover
2023-01-20,GOOGL,92.843930925641743,91.555203755696624,Crossover
2023-01-20,MSFT,232.73222351074216,232.07523164295014,Crossover
2023-01-23,AMZN,97.442854745047427,95.980951581682476,Crossover
2023-01-23,MSFT,236.6992405482701,232.64694504510788,Crossover
2023-01-27,GOOGL,97.376949855259483,96.9551028297061,Crossover
2023-02-01,AAPL,142.60453578404017,142.41060820079986,Crossover
2023-02-01,GOOGL,98.118977137974326,97.602067856561575,Crossover
2023-02-01,MSFT,242.45407104492188,241.64428492954798,Crossover
2023-02-06,GOOGL,102.99535042898995,102.81610797700428,Crossover
2023-02-06,MSFT,251.9061497279576,251.66434224446616,Crossover
2023-02-07,GOOGL,105.55767931256976,104.78822181338356,Crossover
2023-02-07,MSFT,257.27657863071988,255.07223002115884,Crossover
2023-02-08,AAPL,150.960941859654,150.90602039155505,Crossover
2023-02-08,GOOGL,105.05684661865234,104.73809124174572,Crossover
2023-02-10,MSFT,258.30821010044644,257.9685254778181,Crossover
2023-02-13,AAPL,151.14067731584822,150.0376710437593,Crossover
2023-02-13,AAPL,150.33930751255579,150.09073675246466,Crossover
2023-02-13,MSFT,260.88441685267856,260.17663864862351,Crossover
2023-02-14,AMZN,99.287143162318642,98.9000004359654,Crossover
2023-02-15,GOOGL,94.672755650111611,94.265081859770277,Crossover
2023-02-16,AMZN,99.870002746582031,99.489524478004085,Crossover
2023-02-16,MSFT,263.48287963867182,263.05800229027153,Crossover
2023-02-17,GOOGL,94.894074576241636,94.729972839355469,Crossover
2023-03-01,GOOGL,89.458714076450889,89.3887180146717,Crossover
2023-03-02,MSFT,244.96436854771204,244.48556954520089,Crossover
2023-03-03,AMZN,94.108571733747212,93.376666841052824,Crossover
2023-03-03,AAPL,145.54522051130022,145.17180815197173,Crossover
2023-03-03,MSFT,247.49236624581474,245.00873166038878,Crossover
2023-03-06,AMZN,94.340000697544639,93.376190548851383,Crossover
2023-03-08,AMZN,93.631430489676319,93.59857177734375,Crossover
2023-03-08,MSFT,249.62094116210938,249.47334870837983,Crossover
2023-03-09,AAPL,150.47334289550781,150.36141168503534,Crossover
2023-03-13,MSFT,247.58342633928575,247.41807556152349,Crossover
2023-03-14,AMZN,92.537143162318642,92.4538098289853,Crossover
2023-03-14,AAPL,149.202144077846,148.81981041317894,Crossover
2023-03-14,AAPL,150.09944588797433,148.78030322846911,Crossover
2023-03-14,GOOGL,92.108994620186948,91.496553330194388,Crossover
2023-03-14,MSFT,251.0026637486049,248.05941699800042,Crossover
2023-03-20,AMZN,98.418569292340962,97.7961887177967,Crossover
2023-03-21,MSFT,268.26421247209822,268.13344174339659,Crossover
2023-03-22,AMZN,99.518569946289062,99.106189182826455,Crossover
2023-03-23,MSFT,270.10698590959822,269.10127912248885,Crossover
2023-03-24,MSFT,272.01979282924106,269.07185145786832,Crossover
2023-03-27,GOOGL,104.31765856061664,104.00221361432757,Crossover
2023-03-28,MSFT,271.53491646902904,271.37750244140625,Crossover
2023-03-29,AMZN,98.959999084472656,98.35571325392948,Crossover
2023-03-29,AAPL,157.89585004534041,157.24826340448288,Crossover
2023-03-30,AMZN,100.06999969482422,98.585713341122556,Crossover
2023-03-30,AAPL,159.22487749372209,157.50880214146204,Crossover
2023-03-30,MSFT,274.91631644112721,273.14176577613466,Crossover
2023-03-31,GOOGL,101.40773555210657,100.97594669886998,Crossover
2023-03-31,GOOGL,102.21360669817243,101.09607187906902,Crossover
2023-04-05,AMZN,103.13571166992188,102.78333355131603,Crossover
2023-04-05,AAPL,163.04827444893974,162.74024164109002,Crossover
2023-04-05,MSFT,281.31195068359375,281.11248198009673,Crossover
2023-04-06,MSFT,281.96917724609375,281.827642531622,Crossover
2023-04-06,MSFT,284.00390625,282.1359398251488,Crossover
2023-04-11,GOOGL,105.401609148298,105.28479585193452,Crossover
2023-04-11,MSFT,283.26120431082592,282.38490222749255,Crossover
2023-04-13,AMZN,101.0942873273577,100.65047600155785,Crossover
2023-04-13,AAPL,161.96616690499442,160.23128836495536,Crossover
2023-04-13,GOOGL,105.50659070696149,105.40207708449593,Crossover
2023-04-13,MSFT,281.64266095842635,281.25122215634303,Crossover
2023-04-14,AMZN,102.43143027169364,100.68809545607795,Crossover
2023-04-14,AAPL,163.40806143624442,160.40670413062685,Crossover
2023-04-14,GOOGL,106.50257982526507,105.37653895786832,Crossover
2023-04-14,MSFT,282.90386090959822,280.91396949404759,Crossover
2023-04-20,MSFT,282.60953630719865,282.3629368373326,Crossover
2023-04-21,AAPL,164.49158586774553,164.36085800897507,Crossover
2023-04-21,GOOGL,104.4283207484654,104.28596532912482,Crossover
2023-04-25,AMZN,105.16999925885882,105.1066662016369,Crossover
2023-04-26,MSFT,278.55412946428572,278.35887363978793,Crossover
2023-04-26,MSFT,281.34977068219865,278.79141525995163,Crossover
2023-04-27,AMZN,106.36285945347377,105.53714316231864,Crossover
2023-04-27,AAPL,163.69728960309709,162.93448747907365,Crossover
2023-04-27,GOOGL,105.20155552455358,104.46189807710194,Crossover
2023-04-28,AAPL,166.85900660923548,163.8816404796782,Crossover
2023-04-28,GOOGL,106.26706259591241,104.65627070835659,Crossover
2023-05-01,AMZN,105.5885696411133,105.53095245361328,Crossover
2023-05-02,GOOGL,105.93222808837891,105.75298999604725,Crossover
2023-05-04,AMZN,103.75000108991351,103.64047604515439,Crossover
2023-05-05,AAPL,168.12454659598214,166.59187825520834,Crossover
2023-05-05,AAPL,169.2221963065011,166.779052734375,Crossover
2023-05-05,AAPL,167.02689688546317,166.40470377604166,Crossover
2023-05-05,MSFT,303.25669642857144,300.58018420991442,Crossover
2023-05-08,GOOGL,106.40752083914622,105.10933794294085,Crossover
2023-05-09,MSFT,302.06980678013394,301.64706420898438,Crossover
2023-05-11,MSFT,305.301260811942,303.76820300874255,Crossover
2023-05-12,MSFT,303.71633475167408,303.61872500465029,Crossover
2023-05-12,MSFT,304.34413364955356,303.58883521670384,Crossover
2023-05-16,MSFT,304.51650565011158,304.31424531482514,Crossover
2023-05-17,AAPL,170.60911342075892,170.50267900739397,Crossover
2023-05-18,AAPL,171.0301295689174,170.57520403180803,Crossover
2023-05-22,AMZN,116.34428623744419,115.78619130452473,Crossover
2023-05-23,MSFT,313.24899291992188,312.61608450753346,Crossover
2023-05-24,AMZN,115.99571337018695,115.93095252627418,Crossover
2023-05-25,AMZN,115.75,115.53571428571429,Crossover
2023-05-25,MSFT,313.62261962890625,312.90868704659596,Crossover
2023-05-26,AAPL,171.2632555280413,170.87330918085007,Crossover
2023-05-26,GOOGL,122.42845371791294,122.23124513171967,Crossover
2023-05-31,GOOGL,122.59587315150669,122.40055156889419,Crossover
2023-06-02,GOOGL,123.27689579554966,122.92077818371003,Crossover
2023-06-02,GOOGL,123.41167994907924,122.92361595517113,Crossover
2023-06-02,MSFT,328.93042428152904,326.3234107607887,Crossover
2023-06-07,AMZN,125.07285853794643,124.49238150460377,Crossover
2023-06-07,GOOGL,125.0730699811663,124.3721960158575,Crossover
2023-06-08,AAPL,177.800288609096,177.39434669131325,Crossover
2023-06-09,AAPL,178.24390956333704,177.39481680733817,Crossover
2023-06-12,AMZN,124.32714298793248,124.00619143531436,Crossover
2023-06-12,GOOGL,122.39298357282367,122.00896817161923,Crossover
2023-06-12,MSFT,322.6794651576451,321.86586797805057,Crossover
2023-06-13,GOOGL,122.84699358258929,121.90728941417876,Crossover
2023-06-16,GOOGL,123.34783499581472,123.16717274983723,Crossover
2023-06-20,MSFT,336.74441528320312,334.635498046875,Crossover
2023-06-22,AMZN,128.62999616350447,126.58856964111325,Crossover
2023-06-22,AMZN,126.34999956403458,126.15428488595143,Crossover
2023-06-22,AAPL,184.07737731933594,183.215571812221,Crossover
2023-06-23,AAPL,184.84594072614397,183.33000909714471,Crossover
2023-06-23,GOOGL,121.82263619559151,121.73136138916018,Crossover
2023-06-23,MSFT,332.6422119140625,332.18296014694943,Crossover
2023-06-23,MSFT,331.98355102539062,331.84075782412572,Crossover
2023-06-26,AAPL,183.82308959960938,183.63188171386719,Crossover
2023-06-28,AMZN,129.1399928501674,128.94666399274553,Crossover
2023-06-28,MSFT,329.26608276367188,328.69682820638019,Crossover
2023-06-29,AMZN,128.71428135463171,128.61285473051527,Crossover
2023-06-29,GOOGL,119.05032893589565,118.79068647112163,Crossover
2023-06-30,AMZN,129.3057152884347,128.89047350202287,Crossover
2023-06-30,AMZN,128.60285840715682,128.60190218970888,Crossover
2023-07-05,AAPL,190.38981628417969,189.20681762695312,Crossover
2023-07-06,AMZN,129.80286080496651,129.67238289969308,Crossover
2023-07-06,AMZN,130.0685751778739,129.65047818138487,Crossover
2023-07-07,MSFT,333.78676932198653,333.32379876999624,Crossover
2023-07-12,AMZN,128.83285631452287,128.62142762683686,Crossover
2023-07-12,GOOGL,117.35345567975726,117.34730711437408,Crossover
2023-07-12,MSFT,330.1634521484375,329.32315354120163,Crossover
2023-07-13,AAPL,187.5458265032087,187.25526646205358,Crossover
2023-07-18,AMZN,133.61571175711495,133.31095159621466,Crossover
2023-07-18,GOOGL,123.29107775006976,123.24283672514416,Crossover
2023-07-19,AMZN,134.27571541922433,134.0661889939081,Crossover
2023-07-20,AMZN,134.2271445138114,133.90999857584634,Crossover
2023-07-20,MSFT,346.76334054129467,345.30185808454235,Crossover
2023-07-24,GOOGL,120.26906476702008,120.01320829845611,Crossover
2023-07-25,AAPL,191.11457170758928,190.90689886183969,Crossover
2023-07-25,MSFT,341.74117170061385,341.59095255533856,Crossover
2023-07-28,AMZN,128.80142865862166,128.75523885091147,Crossover
2023-07-31,MSFT,330.92184884207592,330.728024437314,Crossover
2023-08-02,AMZN,131.4771445138114,131.3028578985305,Crossover
2023-08-02,AAPL,193.14195251464844,192.99549720400856,Crossover
2023-08-02,MSFT,329.34611293247769,329.29415166945682,Crossover
2023-08-04,AMZN,136.5242919921875,132.17048063732329,Crossover
2023-08-07,AMZN,138.42572021484375,132.57714771089098,Crossover
2023-08-07,GOOGL,128.68814304896765,128.34999665759861,Crossover
2023-08-07,MSFT,323.86761910574779,322.84988693963913,Crossover
2023-08-08,GOOGL,130.12537057059151,128.34101141066782,Crossover
2023-08-08,MSFT,323.38168334960938,322.30030023484005,Crossover
2023-08-09,AMZN,139.0442897251674,138.52048020135788,Crossover
2023-08-09,AMZN,139.34286063058036,138.09476579938615,Crossover
2023-08-14,AMZN,139.95286342075892,138.89952741350447,Crossover
2023-08-14,AMZN,139.02714756556921,138.80952671595983,Crossover
2023-08-14,AAPL,176.77421787806921,176.57525852748327,Crossover
2023-08-14,GOOGL,129.92816598074776,129.23248073032923,Crossover
2023-08-14,MSFT,317.70374407087053,317.25619506835938,Crossover
2023-08-15,AMZN,139.32714625767298,138.77428835914247,Crossover
2023-08-15,GOOGL,129.9593789236886,129.15586707705543,Crossover
2023-08-15,MSFT,317.82311575753346,317.060049874442,Crossover
2023-08-21,AAPL,173.75239345005579,173.63025701613654,Crossover
2023-08-21,MSFT,314.82135009765625,314.24903651646207,Crossover
2023-08-21,MSFT,315.58132934570312,314.28187488374255,Crossover
2023-08-22,AMZN,134.55713762555803,134.1990465436663,Crossover
2023-08-22,AAPL,174.14002554757255,173.61988321940103,Crossover
2023-08-22,GOOGL,127.79287937709263,127.78957112630208,Crossover
2023-08-22,MSFT,316.42293439592635,314.34192185174851,Crossover
2023-08-25,GOOGL,129.2726767403739,129.00925481887091,Crossover
2023-08-28,AAPL,176.78554643903459,176.69263712565103,Crossover
2023-08-28,GOOGL,129.79195077078683,129.78485906691779,Crossover
2023-08-28,MSFT,318.5903102329799,318.50820196242557,Crossover
2023-08-29,AMZN,134.40428815569197,133.39380827404204,Crossover
2023-08-29,GOOGL,131.12277003696985,130.14854067847841,Crossover
2023-08-30,AMZN,135.0242919921875,133.98762003580728,Crossover
2023-09-05,GOOGL,134.81870596749442,134.65081932431175,Crossover
2023-09-06,AMZN,137.11857386997767,137.03380984351747,Crossover
2023-09-08,AMZN,137.54857526506697,137.20142982119606,Crossover
2023-09-08,GOOGL,134.65129089355469,134.44651649111793,Crossover
2023-09-08,MSFT,327.46650041852678,327.26339285714283,Crossover
2023-09-08,MSFT,328.08010428292408,327.52656918480284,Crossover
2023-09-13,GOOGL,135.3848157610212,135.35264805385046,Crossover
2023-09-13,MSFT,329.86328125,329.79711768740697,Crossover
2023-09-14,GOOGL,135.77640642438615,135.48696100144159,Crossover
2023-09-14,MSFT,331.81388636997769,330.41729881649928,Crossover
2023-09-15,AMZN,144.12000165666853,143.32809738885788,Crossover
2023-09-18,AAPL,174.56866673060827,173.89715866815476,Crossover
2023-09-20,AAPL,175.30717686244421,175.12702142624627,Crossover
2023-09-25,AAPL,174.00702558244978,173.56282406761534,Crossover
2023-09-26,AAPL,173.20630536760603,173.06107148670014,Crossover
2023-09-28,GOOGL,129.61744035993303,129.32990809849329,Crossover
2023-09-29,AMZN,126.79428863525392,126.50333658854167,Crossover
2023-09-29,MSFT,309.57754080636158,309.36222476050966,Crossover
2023-09-29,MSFT,310.17143903459822,309.19427635556178,Crossover
2023-10-02,AAPL,169.83504595075334,169.53937203543526,Crossover
2023-10-03,AMZN,127.42857578822544,126.90000370570591,Crossover
2023-10-04,MSFT,312.65685599190846,312.581795828683,Crossover
2023-10-05,MSFT,313.49704415457592,312.85013253348217,Crossover
2023-10-06,AMZN,127.1028562273298,126.62666720435733,Crossover
2023-10-09,AMZN,127.71714128766742,126.49809483119419,Crossover
2023-10-13,AAPL,178.16773332868303,177.68907674153647,Crossover
2023-10-13,GOOGL,138.0138157435826,137.97030712309339,Crossover
2023-10-13,MSFT,325.93814086914062,325.41413516090029,Crossover
2023-10-16,AMZN,131.76142883300781,131.52285693940661,Crossover
2023-10-16,MSFT,326.31954084123885,325.95175461542038,Crossover
2023-10-17,AMZN,132.00142996651786,131.61761910574776,Crossover
2023-10-17,GOOGL,138.32312229701452,138.03794352213541,Crossover
2023-10-17,GOOGL,138.58700343540735,137.92018054780505,Crossover
2023-10-17,MSFT,326.92892892020092,326.12392171223956,Crossover
2023-10-24,AMZN,127.7028547014509,127.19761657714844,Crossover
2023-10-24,GOOGL,136.22046552385603,136.14244006928942,Crossover
2023-10-24,MSFT,324.77139282226562,324.54013642810639,Crossover
2023-10-26,MSFT,330.21651785714283,326.80270385742188,Crossover
2023-10-27,AMZN,125.40571267264228,124.42190333775112,Crossover
2023-10-30,AMZN,129.16000039236886,124.91238040015811,Crossover
2023-10-30,AAPL,168.05248805454798,167.68798101515998,Crossover
2023-10-30,MSFT,329.13566807338168,328.48546200706846,Crossover
2023-10-31,GOOGL,123.49964032854352,122.73207709902809,Crossover
2023-11-10,AMZN,142.71428571428572,142.11857459658668,Crossover
2023-11-10,GOOGL,131.01494053431921,130.45499819800966,Crossover
2023-11-13,AMZN,143.28285435267858,142.24857366652716,Crossover
2023-11-13,GOOGL,131.27741786411829,130.54201761881509,Crossover
2023-11-17,AMZN,144.5085667201451,144.17333185105096,Crossover
2023-11-20,AMZN,145.45142473493303,144.35761805943079,Crossover
2023-11-22,AMZN,145.90714590890067,145.35380917503721,Crossover
2023-11-29,AMZN,147.02857099260603,147.01762099493118,Crossover
2023-11-30,MSFT,374.534415108817,374.50058419363842,Crossover
2023-12-01,AMZN,146.76142665318079,146.67047627766928,Crossover
2023-12-01,AAPL,188.45590863909041,188.34776524135046,Crossover
2023-12-04,AMZN,146.58285522460938,146.53285725911459,Crossover
2023-12-04,AAPL,188.86529323032929,188.51303754534041,Crossover
2023-12-05,AMZN,146.29714529854911,146.21523757207962,Crossover
2023-12-06,AMZN,146.25143214634485,146.12952314104353,Crossover
2023-12-07,AMZN,145.86857604980469,145.84666878836495,Crossover
2023-12-07,GOOGL,130.24738202776228,129.94329107375373,Crossover
2023-12-08,MSFT,366.34386335100447,365.77696010044644,Crossover
2023-12-12,AMZN,146.33571297781808,146.2395252046131,Crossover
2023-12-13,AAPL,193.99613516671317,193.17405119396392,Crossover
2023-12-18,AAPL,195.43539864676339,195.43207659040178,Crossover
2023-12-18,GOOGL,132.0520738874163,131.66097513834634,Crossover
2023-12-18,MSFT,367.3211277553014,366.31753830682663,Crossover
2023-12-20,MSFT,366.97562081473217,366.54128447033116,Crossover
2023-12-21,AMZN,153.34856741768974,153.28904578799293,Crossover
2023-12-21,AMZN,152.60428074428015,152.55190386090959,Crossover
2023-12-22,MSFT,368.47611781529019,367.82881237211689,Crossover
2023-12-27,AMZN,153.38000052315849,153.32047453380767,Crossover
2023-12-27,AMZN,153.40143040248327,153.20428394135973,Crossover
2023-12-27,GOOGL,139.89797319684709,139.76507713681175,Crossover
2023-12-28,AAPL,191.83301871163505,191.78486124674478,Crossover
2023-12-29,AAPL,191.74519130161829,191.68334016345796,Crossover
2024-01-08,AMZN,147.99714878627233,146.99190920875185,Crossover
2024-01-08,AAPL,182.76126970563615,181.80081394740515,Crossover
2024-01-08,GOOGL,136.56524222237724,136.52977643694197,Crossover
2024-01-08,MSFT,367.91910661969865,365.51797340029765,Crossover
2024-01-09,AAPL,183.32223074776786,181.77720278785341,Crossover
2024-01-09,GOOGL,138.48770141601562,136.78894115629652,Crossover
2024-01-09,MSFT,369.05292619977678,365.74925013950894,Crossover
2024-01-16,AMZN,153.9942844935826,153.86856733049666,Crossover
2024-01-17,GOOGL,141.39194815499442,141.35695393880209,Crossover
2024-01-18,AAPL,185.36066109793526,183.67777143205916,Crossover
2024-01-18,GOOGL,141.92684064592635,141.5253186907087,Crossover
2024-01-19,AMZN,153.50714329310827,153.34714399065291,Crossover
2024-01-19,AAPL,186.61858258928572,183.95967102050784,Crossover
2024-01-19,GOOGL,142.6234632219587,141.72867765880767,Crossover
2024-01-25,AAPL,192.72688729422433,192.42043122791105,Crossover
2024-01-30,GOOGL,151.29508100237166,150.91579182942709,Crossover
2024-01-31,MSFT,401.94769723074785,401.11942981538317,Crossover
2024-02-02,AMZN,168.22999790736608,161.31952194940476,Crossover
2024-02-02,MSFT,403.83878871372769,400.29397001720616,Crossover
2024-02-02,MSFT,400.69117954799106,400.08243524460568,Crossover
2024-02-05,AAPL,185.06744602748327,184.75532967703683,Crossover
2024-02-05,AAPL,184.80821881975447,184.77233014787947,Crossover
2024-02-05,GOOGL,142.14249093191964,141.68185933430991,Crossover
2024-02-06,MSFT,400.37105887276795,400.14777483258928,Crossover
2024-02-07,MSFT,402.695059640067,402.14839971633182,Crossover
2024-02-08,AMZN,170.23428344726562,170.23333013625373,Crossover
2024-02-09,AMZN,173.13285391671317,170.95999654134116,Crossover
2024-02-13,AMZN,172.11285400390625,171.63999720982142,Crossover
2024-02-13,GOOGL,146.38892255510603,145.90037391299293,Crossover
2024-02-21,GOOGL,141.16778782435827,140.96773274739584,Crossover
2024-02-22,AMZN,169.22999790736608,169.02285621279762,Crossover
2024-02-22,AAPL,182.4739270891462,181.39547220865884,Crossover
2024-02-22,AAPL,181.89238848005022,181.34724571591332,Crossover
2024-02-22,MSFT,404.43721226283486,400.76999046688991,Crossover
2024-02-22,MSFT,400.42338344029019,400.05086553664432,Crossover
2024-02-26,GOOGL,142.08575657435827,141.69746907552084,Crossover
2024-02-27,AMZN,174.21999468122209,173.70904686337425,Crossover
2024-02-27,MSFT,403.43552071707592,403.41056024460568,Crossover
2024-02-29,AMZN,174.70285688127791,174.39999825613839,Crossover
2024-02-29,AMZN,175.73142569405692,174.56856863839286,Crossover
2024-02-29,MSFT,404.89923967633933,404.17868332635788,Crossover
2024-03-01,GOOGL,137.13701738630022,136.82582964215959,Crossover
2024-03-01,GOOGL,136.9497353690011,136.80549258277529,Crossover
2024-03-05,MSFT,408.69548252650668,407.90903000604538,Crossover
2024-03-07,AMZN,175.8742893763951,175.63666643415178,Crossover
2024-03-07,GOOGL,132.61391557965959,132.23746381487166,Crossover
2024-03-08,AMZN,176.40000697544642,175.39380972726005,Crossover
2024-03-08,AAPL,169.02193341936385,168.78554135277159,Crossover
2024-03-08,MSFT,403.22221156529019,402.66600835890995,Crossover
2024-03-11,AMZN,175.07572065080916,174.807620093936,Crossover
2024-03-11,AAPL,169.55383082798548,168.67443557012649,Crossover
2024-03-11,MSFT,401.26262991768971,400.62542433965774,Crossover
2024-03-13,AMZN,175.067143031529,174.96000453404017,Crossover
2024-03-13,AAPL,170.80342538016183,170.49327523367745,Crossover
2024-03-14,AAPL,171.23604692731584,171.212400890532,Crossover
2024-03-15,AAPL,171.65872846330916,171.29561360677084,Crossover
2024-03-19,MSFT,415.03200857979908,414.93028331938245,Crossover
2024-03-20,AMZN,177.18570818219865,175.90951974051339,Crossover
2024-03-21,AAPL,174.28982761928015,173.72010875883558,Crossover
2024-03-25,MSFT,423.27306256975447,421.33371698288693,Crossover
2024-03-26,AMZN,179.10571943010603,178.71428426106772,Crossover
2024-03-27,AMZN,179.1742880684989,179.04857235863096,Crossover
2024-03-27,AMZN,179.39285932268416,179.12857273646765,Crossover
2024-03-27,AAPL,171.05308532714844,170.30653744652159,Crossover
2024-03-28,AAPL,171.30413818359375,170.31173778715589,Crossover
2024-04-01,AAPL,170.31125531877791,170.05406043643043,Crossover
2024-04-01,MSFT,417.71500069754472,417.31561424618678,Crossover
2024-04-02,MSFT,419.00631277901783,417.39991832914814,Crossover
2024-04-05,AMZN,183.62143380301339,181.9914318266369,Crossover
2024-04-05,AMZN,181.44857352120536,181.40571666899183,Crossover
2024-04-05,AAPL,168.15530613490515,168.0541272844587,Crossover
2024-04-05,MSFT,417.59206717354908,416.78723144531261,Crossover
2024-04-08,AAPL,168.05033874511719,167.9609861828032,Crossover
2024-04-08,GOOGL,152.45564270019531,152.18748837425596,Crossover
2024-04-08,MSFT,420.56747000558033,416.98125639415923,Crossover
2024-04-09,AAPL,168.1141640799386,167.94869195847284,Crossover
2024-04-10,AAPL,167.9241006033761,167.8111070905413,Crossover
2024-04-11,AAPL,169.67296927315849,168.47396123976935,Crossover
2024-04-11,AAPL,168.64322117396765,168.21581522623697,Crossover
2024-04-11,MSFT,421.89407348632812,420.82552373976932,Crossover
2024-04-12,MSFT,421.50980486188615,420.52836245582216,Crossover
2024-04-15,GOOGL,156.48074340820312,156.26792326427642,Crossover
2024-04-18,GOOGL,154.55828857421875,154.48639787946428,Crossover
2024-04-19,GOOGL,154.12414114815849,153.99738929385231,Crossover
2024-04-22,GOOGL,154.58807809012276,154.34735979352678,Crossover
2024-04-23,AMZN,178.21999468122209,177.9933326357887,Crossover
2024-04-23,AAPL,165.25895908900671,165.1473853701637,Crossover
2024-04-23,AAPL,165.40930829729353,165.09537687755767,Crossover
2024-04-23,GOOGL,155.17971147809709,154.52991158621651,Crossover
2024-04-23,MSFT,401.21034022739957,398.95593552362351,Crossover
2024-04-25,GOOGL,157.15183149065291,155.91086396716889,Crossover
2024-04-25,MSFT,400.30470493861606,399.47350056966144,Crossover
2024-04-25,MSFT,401.7203587123326,399.47726876395092,Crossover
2024-04-26,AMZN,177.91999598911829,177.34904334658668,Crossover
2024-04-29,AMZN,180.57714625767298,177.79714166550409,Crossover
2024-04-29,MSFT,400.69182477678572,400.62494913736981,Crossover
2024-04-30,AMZN,177.55428859165735,177.35380917503721,Crossover
2024-04-30,GOOGL,163.09937395368303,162.68177722749255,Crossover
2024-05-02,AMZN,180.63428606305803,179.17714364188058,Crossover
2024-05-02,AAPL,170.20913914271765,170.03467814127603,Crossover
2024-05-02,AAPL,170.73819623674666,170.21103050595238,Crossover
2024-05-02,GOOGL,164.69549996512276,164.05894252232142,Crossover
2024-05-02,MSFT,392.63585117885043,392.20636858258928,Crossover
2024-05-10,GOOGL,168.52765110560827,168.461911156064,Crossover
2024-05-14,GOOGL,168.3219212123326,168.21834891183036,Crossover
2024-05-14,GOOGL,168.83268083844865,168.35455104282923,Crossover
2024-05-24,MSFT,425.29193987165178,425.03433954148068,Crossover
2024-05-28,AAPL,188.88414001464844,188.8150169735863,Crossover
2024-05-28,GOOGL,174.39147731236048,174.38534182593935,Crossover
2024-05-28,MSFT,425.76184953962053,425.269292922247,Crossover
2024-05-29,AMZN,182.05714416503906,181.57047671363466,Crossover
2024-05-30,AMZN,181.6528603690011,181.38904825846353,Crossover
2024-05-30,GOOGL,174.22831944056921,173.86321948823473,Crossover
2024-06-04,AMZN,178.91142490931921,178.66190592447916,Crossover
2024-06-04,AMZN,179.05428205217635,178.53428649902344,Crossover
2024-06-04,GOOGL,172.15973554338728,172.1498035249256,Crossover
2024-06-04,GOOGL,172.33566066196985,171.95022728329613,Crossover
2024-06-05,MSFT,414.47423444475447,411.88834926060269,Crossover
2024-06-10,AAPL,194.14495849609375,194.04317074730284,Crossover
2024-06-11,AAPL,201.96660069056915,196.66884940011161,Crossover
2024-06-11,AAPL,195.98850795200892,195.06673976353235,Crossover
2024-06-11,GOOGL,174.4680459158761,174.38248334612166,Crossover
2024-06-13,AMZN,186.50142778669084,186.24904668898807,Crossover
2024-06-17,GOOGL,176.10012817382812,175.72986421130952,Crossover
2024-06-20,AMZN,185.16000366210935,184.14190601167223,Crossover
2024-06-21,AMZN,188.22857448032923,185.42428661528086,Crossover
2024-06-21,GOOGL,177.65830775669642,176.04093133835565,Crossover
2024-06-25,AMZN,186.18143354143416,185.91143144880022,Crossover
2024-06-26,AMZN,188.41714041573664,187.4557168143136,Crossover
2024-06-26,AAPL,208.32250322614397,207.6090371268136,Crossover
2024-07-01,MSFT,448.35831996372775,447.66526285807294,Crossover
2024-07-02,AAPL,215.12577601841517,212.75623212541853,Crossover
2024-07-02,GOOGL,183.22349548339847,182.82956077938988,Crossover
2024-07-02,MSFT,451.48771885463174,448.33096022832962,Crossover
2024-07-09,MSFT,459.08828735351562,459.02079700288317,Crossover
2024-07-09,MSFT,460.03659057617188,459.00852893647692,Crossover
2024-07-11,AAPL,229.32746887207028,227.68179393949964,Crossover
2024-07-15,AAPL,230.3031943184989,229.09452601841517,Crossover
2024-07-17,AAPL,231.77464512416296,230.4139891124907,Crossover
2024-07-22,GOOGL,179.49347577776228,178.69378589448473,Crossover
2024-07-22,GOOGL,178.92389133998327,178.80031694684709,Crossover
2024-07-23,AMZN,185.30714634486603,184.14905003138949,Crossover
2024-07-23,AMZN,184.7557176862444,184.22143046061197,Crossover
2024-07-23,AAPL,223.41045488630024,223.2811998639788,Crossover
2024-07-23,GOOGL,180.66673714773995,178.62939453125,Crossover
2024-07-23,MSFT,438.29356166294644,437.09380086263019,Crossover
2024-07-24,AMZN,184.81571742466514,183.67190769740512,Crossover
2024-07-24,AMZN,184.01857430594305,183.53286016555057,Crossover
2024-07-29,AMZN,182.69999912806921,182.28285943894156,Crossover
2024-07-29,MSFT,422.37485177176342,421.84551130022322,Crossover
2024-07-30,AAPL,217.37556239536829,216.88081505185082,Crossover
2024-07-30,GOOGL,169.10173252650671,167.75707789829798,Crossover
2024-07-30,MSFT,420.63114711216519,419.96448771158856,Crossover
2024-08-08,AMZN,163.63571820940291,163.41904703776041,Crossover
2024-08-08,AAPL,210.58929661342077,209.47483317057291,Crossover
2024-08-08,GOOGL,159.78808811732702,159.26821608770462,Crossover
2024-08-08,GOOGL,160.22699628557478,159.0489988781157,Crossover
2024-08-08,MSFT,397.1613551548549,396.00735473632812,Crossover
2024-08-09,MSFT,398.83857945033481,395.617181687128,Crossover
2024-08-16,GOOGL,161.32214137486048,161.24400620233445,Crossover
2024-08-16,GOOGL,161.55793108258928,161.2757299514044,Crossover
2024-08-22,AMZN,178.40428815569197,178.36285909016928,Crossover
2024-08-22,AAPL,225.10094560895649,225.08483232770647,Crossover
2024-08-22,GOOGL,164.80071585518974,164.63074529738654,Crossover
2024-08-22,MSFT,419.85507202148438,418.77272832961307,Crossover
2024-08-23,AAPL,225.13222176688058,225.01420375279017,Crossover
2024-08-26,AAPL,225.88585771833147,225.10710289364769,Crossover
2024-08-26,GOOGL,164.82771955217635,164.64447675432478,Crossover
2024-08-26,GOOGL,164.90442112513952,164.59618341355096,Crossover
2024-08-29,AAPL,226.84852164132255,226.48829287574404,Crossover
2024-08-29,AAPL,226.37927464076452,226.34846714564733,Crossover
2024-08-30,AMZN,176.67714146205358,173.72380792526971,Crossover
2024-08-30,MSFT,412.89165387834822,410.58371698288693,Crossover
2024-09-03,AMZN,177.85714285714286,173.90857006254652,Crossover
2024-09-03,AAPL,227.16563415527344,227.00636654808409,Crossover
2024-09-04,AMZN,175.41571480887276,174.48619006928942,Crossover
2024-09-06,AMZN,176.30999973842077,176.24952407110305,Crossover
2024-09-10,AMZN,175.41999598911829,174.74285598028274,Crossover
2024-09-10,MSFT,405.10155814034596,403.78052775065106,Crossover
2024-09-11,AAPL,220.17814418247767,220.13358924502418,Crossover
2024-09-11,GOOGL,149.785160609654,149.49698311941964,Crossover
2024-09-12,AAPL,221.28158351353235,220.17861793154762,Crossover
2024-09-12,GOOGL,150.64280700683594,149.38596670968192,Crossover
2024-09-16,AMZN,186.03286089215962,184.66809808640252,Crossover
2024-09-18,AMZN,186.75142996651786,186.2933349609375,Crossover
2024-09-18,AAPL,218.55853271484375,218.23527308872764,Crossover
2024-09-23,MSFT,432.26190621512279,431.66922287713913,Crossover
2024-09-24,AAPL,225.8048095703125,225.70574878510973,Crossover
2024-09-24,AAPL,225.79485648018974,225.07250613257997,Crossover
2024-09-24,GOOGL,161.44943237304688,161.15786452520462,Crossover
2024-09-26,AAPL,226.13897051130022,225.94131833031065,Crossover
2024-09-26,GOOGL,161.66276550292969,161.44942656017486,Crossover
2024-09-27,AAPL,226.34088570731026,225.92188444591704,Crossover
2024-09-27,GOOGL,162.01264953613281,161.46649387904577,Crossover
2024-10-01,AAPL,229.02410452706474,227.47891816638764,Crossover
2024-10-03,GOOGL,165.29249572753906,164.94450233096168,Crossover
2024-10-04,AMZN,185.20999799455919,184.67285737537205,Crossover
2024-10-04,GOOGL,165.643803187779,165.56889561244421,Crossover
2024-10-07,AMZN,185.04428318568642,184.40952410016743,Crossover
2024-10-07,GOOGL,165.5755331856864,165.54756237211683,Crossover
2024-10-09,AMZN,183.42000034877233,183.25381033761161,Crossover
2024-10-09,AAPL,224.68005807059151,224.15630304245721,Crossover
2024-10-09,MSFT,412.39960588727678,411.32293991815476,Crossover
2024-10-09,MSFT,413.17946079799106,411.409903390067,Crossover
2024-10-11,GOOGL,162.19329616001673,162.17907206217447,Crossover
2024-10-14,GOOGL,163.01254054478235,162.30044119698661,Crossover
2024-10-16,MSFT,415.304918561663,414.33318219866072,Crossover
2024-10-17,AAPL,230.86412048339847,230.53423127673921,Crossover
2024-10-17,GOOGL,164.16034153529577,163.89768909272692,Crossover
2024-10-18,AMZN,187.9471435546875,187.55666605631509,Crossover
2024-10-18,MSFT,414.63567679268971,414.40501912434894,Crossover
2024-10-22,GOOGL,163.4093736921038,163.2344251360212,Crossover
2024-10-23,AMZN,188.89714268275671,188.62666902087986,Crossover
2024-10-23,AAPL,234.13035801478796,233.58953930082777,Crossover
2024-10-23,GOOGL,163.74361092703683,163.11068652925036,Crossover
2024-10-23,GOOGL,163.40795026506697,163.10357593354723,Crossover
2024-10-25,AMZN,187.41571698869978,187.24619329543341,Crossover
2024-10-25,GOOGL,163.45629228864397,163.20502871558779,Crossover
2024-10-28,AMZN,187.99000113351005,187.15143112909226,Crossover
2024-10-28,AAPL,231.18690708705358,230.90062096005394,Crossover
2024-10-28,GOOGL,164.38790239606584,163.38755580357142,Crossover
2024-10-30,AAPL,231.06462533133373,231.0395006452288,Crossover
2024-10-31,MSFT,425.51260811941967,425.49368286132812,Crossover
2024-11-01,AMZN,194.63570731026786,191.80190095447358,Crossover
2024-11-01,GOOGL,170.4355185372489,170.21505882626488,Crossover
2024-11-04,AMZN,195.9757080078125,192.153805687314,Crossover
2024-11-05,MSFT,407.54319981166293,407.21566481817337,Crossover
2024-11-06,AAPL,221.89585440499442,221.88922191801527,Crossover
2024-11-06,GOOGL,170.92052568708147,170.14537193661644,Crossover
2024-11-06,MSFT,410.86681692940846,407.28561401367188,Crossover
2024-11-11,AMZN,207.41428048270089,207.28380693708147,Crossover
2024-11-11,AAPL,225.37992204938612,224.18529619489397,Crossover
2024-11-11,MSFT,419.15887451171881,416.68410528273807,Crossover
2024-11-13,AMZN,209.355717250279,208.76190403529577,Crossover
2024-11-13,MSFT,419.47364153180808,419.24535987490708,Crossover
2024-11-14,AAPL,224.63826860700334,224.48500133696058,Crossover
2024-11-15,AMZN,210.58714076450892,209.96476236979166,Crossover
2024-11-18,AAPL,225.0923658098493,224.95713588169642,Crossover
2024-11-19,GOOGL,175.33249555315291,174.87689354306175,Crossover
2024-11-20,AMZN,203.3742893763951,203.35619099934897,Crossover
2024-11-22,MSFT,413.54761178152904,413.08048211960568,Crossover
2024-11-25,AMZN,200.21285356794084,200.17904808407738,Crossover
2024-11-26,GOOGL,167.95929609026228,166.9674806140718,Crossover
2024-12-18,AMZN,229.88570949009485,229.66999889555436,Crossover
2024-12-18,AAPL,250.26443699428015,249.17639232817152,Crossover
2024-12-18,GOOGL,192.78576006208147,192.42693801153274,Crossover
2024-12-18,MSFT,449.14341517857144,447.6255885532924,Crossover
2024-12-20,AAPL,250.24451555524553,250.05233256022134,Crossover
2024-12-23,AMZN,224.95999799455916,224.68428330194382,Crossover
2024-12-23,GOOGL,190.83355930873321,190.48991103399365,Crossover
2024-12-24,MSFT,435.76977975027904,434.68006097702755,Crossover
2024-12-26,MSFT,436.17611258370533,434.71415928431918,Crossover
2024-12-27,AMZN,226.86428833007812,226.38809567406065,Crossover
2024-12-27,AAPL,257.49874441964283,255.78200494675409,Crossover
2024-12-27,GOOGL,194.63260759626112,193.72603861490882,Crossover
2024-12-27,MSFT,434.81218174525668,434.61091686430433,Crossover
2025-01-03,AMZN,221.35428728376115,221.33000110444567,Crossover
2025-01-03,GOOGL,190.49466596330919,189.93126496814548,Crossover
2025-01-06,GOOGL,191.55407060895649,190.12634350004652,Crossover
2025-01-06,MSFT,420.99812534877231,420.03245471772703,Crossover
2025-01-08,MSFT,421.15152413504467,420.79777163550966,Crossover
2025-01-15,AMZN,221.75285993303569,219.74666922433036,Crossover
2025-01-15,AAPL,235.72176470075337,235.1034923735119,Crossover
2025-01-15,GOOGL,193.23714556012834,191.53032793317522,Crossover
2025-01-15,MSFT,420.95690046037953,417.47555541992188,Crossover
2025-01-16,AMZN,222.16714695521759,219.67666916620163,Crossover
2025-01-16,AAPL,235.00715855189736,234.4183066231864,Crossover
2025-01-16,GOOGL,194.1627001081194,191.52225821358815,Crossover
2025-01-16,MSFT,422.22279575892861,417.47650291806178,Crossover
2025-01-27,AAPL,223.12506539481026,222.7525780087426,Crossover
2025-01-27,GOOGL,198.04576328822546,197.68218340192522,Crossover
2025-01-27,MSFT,438.933846609933,438.92010498046875,Crossover
2025-01-29,MSFT,441.29655238560269,439.84312366303942,Crossover
2025-01-30,AMZN,236.37571934291296,236.2800009591239,Crossover
2025-01-30,AMZN,236.8771471296038,236.29000127883185,Crossover
2025-01-30,GOOGL,195.53679547991075,195.29283214750745,Crossover
2025-01-31,AAPL,236.29687064034596,235.71038745698471,Crossover
2025-01-31,AAPL,236.07053484235487,236.00173514229905,Crossover
2025-02-03,AMZN,237.605708530971,236.87571280343195,Crossover
2025-02-05,GOOGL,202.833012172154,201.9050794328962,Crossover
2025-02-05,MSFT,410.77003261021207,410.75201706659226,Crossover
2025-02-06,AAPL,231.96796526227678,231.27708289736793,Crossover
2025-02-07,MSFT,410.96037510463168,410.57299659365697,Crossover
2025-02-11,AAPL,229.92719377790178,229.67014058430991,Crossover
2025-02-12,AAPL,233.26331874302454,230.09608604794457,Crossover
2025-02-13,GOOGL,184.81461879185267,184.78044855026968,Crossover
2025-02-14,GOOGL,185.04529244559151,184.7752271379743,Crossover
2025-02-18,GOOGL,184.54975237165181,184.41164507184709,Crossover
2025-02-19,MSFT,407.95832606724332,407.42884172712053,Crossover
2025-02-20,GOOGL,184.46575273786269,184.40024457659041,Crossover
2025-02-20,GOOGL,184.3646523611886,184.32525053478423,Crossover
2025-02-21,MSFT,412.43074689592635,410.06336757114957,Crossover
2025-02-26,AAPL,245.49337768554688,245.49242946079798,Crossover
2025-03-04,GOOGL,169.25106593540735,168.79635184151786,Crossover
2025-03-05,GOOGL,170.10684640066964,168.81011672247024,Crossover
2025-03-05,MSFT,396.09476143973217,392.35160609654019,Crossover
2025-03-07,AAPL,237.42029026576452,236.01183064778647,Crossover
2025-03-07,MSFT,393.98357282366072,392.82236008417038,Crossover
2025-03-10,AAPL,236.30159868512834,235.51067679268974,Crossover
2025-03-10,GOOGL,171.96949550083704,171.66942051478796,Crossover
2025-03-12,AMZN,198.23285566057478,197.47856866745721,Crossover
2025-03-14,AMZN,196.78999764578683,196.720950172061,Crossover
2025-03-14,MSFT,381.63654436383928,380.51332891555057,Crossover
2025-03-17,AMZN,197.31857081821985,196.73761785598029,Crossover
2025-03-17,AMZN,197.00285775320873,196.6971421014695,Crossover
2025-03-17,GOOGL,164.80005536760603,164.48880804152716,Crossover
2025-03-17,GOOGL,164.58194623674666,164.4769287109375,Crossover
2025-03-17,MSFT,385.837637765067,381.71580868675596,Crossover
2025-03-18,AAPL,213.21809823172433,212.97583516438803,Crossover
2025-03-20,AMZN,195.37142290387834,195.34285772414435,Crossover
2025-03-20,AMZN,195.2028525216239,195.05714343843005,Crossover
2025-03-20,GOOGL,163.23478916713171,163.07606796991257,Crossover
2025-03-20,MSFT,386.19497244698658,385.70999726795014,Crossover
2025-03-27,AMZN,201.81714739118306,201.56714593796502,Crossover
2025-04-01,AAPL,221.13586207798548,220.8992905389695,Crossover
2025-04-02,AMZN,193.81571088518416,193.70761689685642,Crossover
2025-04-02,GOOGL,156.73134068080358,156.49137297130767,Crossover
2025-04-02,MSFT,380.84929547991072,380.03356642950149,Crossover
2025-04-02,MSFT,380.84218052455356,379.63305809384303,Crossover
2025-04-03,AMZN,192.94713919503349,192.10523550851008,Crossover
2025-04-03,GOOGL,155.81326729910714,155.20265633719308,Crossover
2025-04-03,MSFT,379.53530883789062,378.00302414667038,Crossover
2025-04-09,AMZN,185.260005405971,177.07190595354351,Crossover
2025-04-09,AMZN,182.34000505719865,176.46762012300036,Crossover
2025-04-09,AAPL,187.06497192382812,185.8821556454613,Crossover
2025-04-09,GOOGL,154.38200378417969,148.71156383696058,Crossover
2025-04-09,GOOGL,152.38478088378906,148.3318873814174,Crossover
2025-04-09,MSFT,363.55952235630582,362.29629371279759,Crossover
2025-04-14,AMZN,183.69142368861608,183.06142897832959,Crossover
2025-04-16,AAPL,198.28180149623327,197.99725850423178,Crossover
2025-04-16,GOOGL,155.95012991768974,155.86364818754652,Crossover
2025-04-22,AAPL,197.37687465122764,195.8487083798363,Crossover
2025-04-22,AAPL,196.4391675676618,195.96271478562127,Crossover
2025-04-23,AMZN,175.29999651227678,172.57476298014322,Crossover
2025-04-23,AAPL,199.00717381068634,195.96556599934897,Crossover
2025-04-23,GOOGL,151.1630641392299,150.80144682384673,Crossover
2025-04-23,MSFT,365.52839442661832,365.44343348911832,Crossover
2025-05-01,AMZN,188.54856872558594,187.5019029889788,Crossover
2025-05-01,AMZN,187.72285461425781,187.44428434826079,Crossover
2025-05-01,GOOGL,160.24821690150671,159.96358526320685,Crossover
2025-05-02,AMZN,190.13713945661272,187.65761675153459,Crossover
2025-05-02,AAPL,211.54648263113839,210.96931966145829,Crossover
2025-05-02,GOOGL,160.99378967285156,160.06194923037575,Crossover
2025-05-05,AMZN,187.90571594238281,187.77047511509485,Crossover
2025-05-07,AMZN,187.6528603690011,187.64047677176339,Crossover
2025-05-08,MSFT,434.59071132114957,433.60366966610866,Crossover
2025-05-09,AAPL,197.60061645507812,197.28613935198103,Crossover
2025-05-12,GOOGL,156.49896894182478,154.32165454682848,Crossover
2025-05-13,GOOGL,158.58457510811942,154.92039271763392,Crossover
2025-05-15,AMZN,208.07285635811942,206.951902843657,Crossover
2025-05-15,AMZN,209.68428475516183,205.79856945219495,Crossover
2025-05-21,GOOGL,165.59410749162947,165.41876002720423,Crossover
2025-05-21,MSFT,456.71920340401783,455.19313267299106,Crossover
2025-05-22,GOOGL,169.85228184291296,167.07384599958147,Crossover
2025-05-27,AMZN,204.58286176409041,202.86762201218377,Crossover
2025-05-27,AMZN,203.86429050990515,202.77476501464844,Crossover
2025-05-27,MSFT,456.93597412109375,453.99985177176347,Crossover
2025-05-27,MSFT,453.93804931640625,453.76024809337804,Crossover
2025-05-28,AAPL,200.04297528948103,199.45934767950149,Crossover
2025-05-30,GOOGL,171.44749450683594,171.36433192661829,Crossover
2025-05-30,GOOGL,171.552982875279,171.05355689639137,Crossover
2025-06-02,AMZN,205.47856576102123,205.45380801246279,Crossover
2025-06-05,AAPL,202.341796875,201.8580540248326,Crossover
2025-06-05,GOOGL,167.81086730957031,167.69871956961495,Crossover
2025-06-06,AAPL,202.74989754813058,202.38460068475632,Crossover
2025-06-09,AAPL,202.86690630231584,202.37270972842262,Crossover
2025-06-10,AAPL,202.09207153320312,201.96935671851747,Crossover
2025-06-11,AMZN,215.08999851771765,214.73428635370163,Crossover
2025-06-12,GOOGL,176.48501586914062,176.39985075451079,Crossover
2025-06-16,AMZN,214.95714896065846,213.84809875488281,Crossover
2025-06-17,AMZN,215.34572056361603,213.71524193173363,Crossover
2025-06-17,GOOGL,176.19527326311385,175.95691499255952,Crossover
2025-06-18,AMZN,214.67429242815291,213.99143473307291,Crossover
2025-06-18,GOOGL,175.53443254743303,175.49875168573288,Crossover
2025-06-20,AAPL,196.85372706821985,196.75051225934709,Crossover
2025-06-23,MSFT,482.74925449916293,479.57067144484745,Crossover
2025-06-24,AMZN,211.54143197195867,211.05095563616067,Crossover
2025-06-25,AMZN,212.54714747837608,210.89095560709632,Crossover
2025-06-25,GOOGL,168.85326930454798,167.58154805501303,Crossover
2025-06-27,AAPL,200.81780351911272,200.80163356236048,Crossover
2025-06-27,AAPL,200.82921927315849,200.78165617443267,Crossover
2025-07-03,AMZN,222.41285923549103,220.91428774879091,Crossover
2025-07-03,MSFT,495.8106515066965,494.08729335239957,Crossover
2025-07-03,MSFT,494.7053266252791,493.94942510695682,Crossover
2025-07-07,AMZN,222.9200025285993,220.92238289969308,Crossover
2025-07-07,GOOGL,178.19633265904017,177.41798037574404,Crossover
2025-07-07,MSFT,497.70182582310275,494.18665277390255,Crossover
2025-07-08,AMZN,221.70857238769531,221.5933351062593,Crossover
2025-07-10,AMZN,222.45999363490515,222.1433323451451,Crossover
2025-07-10,AMZN,222.37999398367745,222.03380766369051,Crossover
2025-07-10,AAPL,211.26309422084265,210.92823500860305,Crossover
2025-07-10,GOOGL,176.7476305280413,176.6139402843657,Crossover
2025-07-10,GOOGL,177.03308759416853,176.43219793410529,Crossover
2025-07-17,AAPL,209.88181195940291,209.48273577008928,Crossover
2025-07-18,AMZN,225.16571916852678,224.90476626441591,Crossover
2025-07-18,AMZN,225.48714773995536,224.92571876162575,Crossover
2025-07-22,MSFT,508.53828212193082,508.32720656622024,Crossover
2025-07-24,MSFT,508.61245727539062,507.28273373558409,Crossover
2025-07-25,AAPL,213.5904453822545,213.46392313639322,Crossover
2025-07-25,MSFT,509.73062569754467,507.45673624674481,Crossover
2025-07-28,AAPL,213.75883919852123,213.73837788899741,Crossover
2025-07-29,AMZN,231.77285112653462,231.56761532738096,Crossover
2025-07-31,AMZN,232.99000113351008,231.99714079357329,Crossover
2025-07-31,GOOGL,194.37186976841517,194.09021504720053,Crossover
2025-08-04,GOOGL,193.1786477225167,193.10110037667408,Crossover
2025-08-05,GOOGL,193.9693690708705,193.04971822102863,Crossover
2025-08-06,AMZN,219.86428397042411,216.49571228027344,Crossover
2025-08-06,AAPL,210.06016976492745,205.34172203427269,Crossover
2025-08-06,AAPL,205.6380419049944,204.53121439615884,Crossover
2025-08-11,AMZN,222.0942884172712,221.2285730271112,Crossover
2025-08-12,MSFT,525.17524065290183,522.47873070126491,Crossover
2025-08-13,AMZN,222.35285731724326,222.33047848656065,Crossover
2025-08-19,GOOGL,203.09978376116072,202.82193356468565,Crossover
2025-08-22,AMZN,226.87142508370539,225.93047296433221,Crossover
2025-08-22,GOOGL,201.38131277901786,201.21908351353235,Crossover
2025-08-25,AMZN,228.5828552246094,225.75809224446616,Crossover
2025-08-25,AAPL,227.4171425955636,226.81475830078131,Crossover
2025-08-25,MSFT,506.38143920898438,506.00254749116442,Crossover
2025-08-25,MSFT,505.9571533203125,505.7800074986049,Crossover
2025-08-26,AAPL,228.3885716029576,227.06475902739027,Crossover
2025-08-27,MSFT,505.39713832310269,505.02809942336307,Crossover
2025-08-28,MSFT,506.48285348074779,505.28524344308033,Crossover
2025-09-02,AAPL,231.10285731724329,231.09714326404389,Crossover
2025-09-02,AAPL,231.44857134137834,231.07761928013392,Crossover
2025-09-02,MSFT,506.88714599609375,506.22238449823288,Crossover
2025-09-03,AAPL,232.22000122070312,231.95238167898995,Crossover
2025-09-04,AMZN,231.52714102608817,228.93190438406813,Crossover
2025-09-04,MSFT,507.22143118722096,506.4423828125,Crossover
2025-09-04,MSFT,506.8471461704799,506.52190726143971,Crossover
2025-09-05,AMZN,234.72285243443079,229.3195226760138,Crossover
2025-09-08,AAPL,238.91428920200892,237.73809669131325,Crossover
2025-09-10,AMZN,235.98000444684709,235.02047584170387,Crossover
2025-09-10,MSFT,499.80999755859375,498.47000267392116,Crossover
2025-09-10,MSFT,499.25,499.19381277901783,Crossover
2025-09-12,AAPL,232.33857509068079,231.80428713843935,Crossover
2025-09-12,AAPL,232.91571916852678,231.62285868326822,Crossover
2025-09-15,AMZN,230.49285016741072,230.35904439290366,Crossover
2025-09-16,AMZN,231.33570861816406,230.15952046712241,Crossover
2025-09-17,MSFT,509.32000296456471,509.31333124069943,Crossover
2025-09-18,AMZN,231.5085667201451,231.45523434593565,Crossover
2025-09-19,MSFT,512.51286097935269,511.30571347191221,Crossover
2025-09-22,MSFT,516.07856968470981,511.50714401971726,Crossover
2025-09-23,GOOGL,252.28142874581471,252.27809506370909,Crossover
2025-09-23,GOOGL,252.71857125418526,252.17666625976562,Crossover
2025-09-23,MSFT,512.95858328683039,512.509050641741,Crossover
2025-09-26,MSFT,510.19427926199779,509.70476132347471,Crossover
2025-09-29,AMZN,219.88856942313058,219.82952517554872,Crossover
2025-09-29,AAPL,255.16571698869978,254.75142633347284,Crossover
2025-09-29,MSFT,511.27570452008928,509.71190243675596,Crossover
2025-10-01,AMZN,220.09286281040735,219.95142836797805,Crossover
2025-10-01,AAPL,255.21571350097656,255.08190482003349,Crossover
2025-10-02,AAPL,255.57285635811942,255.09428623744421,Crossover
2025-10-02,GOOGL,245.12571062360493,244.6566663469587,Crossover
2025-10-06,MSFT,520.55569893973211,518.71142868768607,Crossover
2025-10-07,AMZN,221.15142386300224,220.96095130557106,Crossover
2025-10-07,AAPL,256.85000174386158,256.80618940080916,Crossover
2025-10-08,AAPL,257.60857282366067,257.30380975632443,Crossover
2025-10-09,AAPL,257.25999886648987,257.15666634695873,Crossover
2025-10-10,AMZN,225.75571768624445,223.5509520031157,Crossover
2025-10-13,GOOGL,241.98428344726565,241.90999857584634,Crossover
2025-10-14,GOOGL,244.52142333984378,241.93476068405877,Crossover
2025-10-15,AAPL,248.89142717633928,247.82095409574964,Crossover
2025-10-15,AAPL,248.6671425955636,248.04476347423736,Crossover
2025-10-15,MSFT,513.46999686104914,513.44999622163323,Crossover
2025-10-16,MSFT,513.18999372209817,512.93618483770456,Crossover
2025-10-20,AMZN,215.00570896693634,214.95714242117745,Crossover
2025-10-20,AMZN,215.49713788713726,214.96142796107702,Crossover
2025-10-20,MSFT,513.75714983258933,513.22571382068452,Crossover
2025-10-21,GOOGL,253.06999860491072,252.87857200985863,Crossover
2025-10-23,AAPL,259.22857666015625,258.9680909656343,Crossover
2025-10-24,AAPL,261.43142700195312,260.94094993954616,Crossover
2025-10-24,GOOGL,253.85857500348772,253.27714320591517,Crossover
2025-10-30,MSFT,534.78285435267856,534.46714564732144,Crossover
2025-10-31,AMZN,232.01428658621651,229.79142979213171,Crossover
2025-11-03,AAPL,270.32856532505582,270.06666637602308,Crossover
2025-11-05,AAPL,270.11144147600447,269.971429734003,Crossover
2025-11-05,AAPL,270.09715488978793,270.03142874581471,Crossover
2025-11-05,GOOGL,282.37571498325889,281.68000284830725,Crossover
2025-11-06,GOOGL,283.40571376255576,281.83571661086307,Crossover
2025-11-07,GOOGL,282.21285138811385,281.93571399507061,Crossover