date,open,high,low,close,adj_close,volume,ticker,arima_1d,xgb_1d,lstm_1d,arima_5d,xgb_5d,lstm_5d,meta_pred_5d,meta_pred_1d,confidence_5d,confidence_1d,created_at
05-12-2025,280.5400085449219,281.1400146484375,278.04998779296875,278.7799987792969,278.7799987792969,47244000,AAPL,-8.74E-06,0.001239649,0.001691934,-5.89E-06,0.00494709,0.001202593,0.003053732,0.000605399,0.8615957589359584,0.8644380718913534,08:54.3
05-12-2025,228.92999267578125,229.25,225.0500030517578,226.0800018310547,226.0800018310547,3984700,ABBV,-0.00026271,0.000929715,0.002905057,-0.000452295,0.001941462,-0.001734984,0.003311712,0.000657333,0.7285538499772126,0.864145102,08:54.9
05-12-2025,125.66000366210938,126.0500030517578,124.63999938964844,125.08000183105467,125.08000183105467,4360600,ABT,-0.000210044,0.00090973,0.0022615,-0.000153349,0.005122161,0.000676744,0.003021026,0.000602607,0.8614924044348948,0.8642926855204769,08:55.5
05-12-2025,268.1000061035156,271,266.07000732421875,266.5899963378906,266.5899963378906,3785400,ACN,-0.000314523,-0.000242098,0.001691934,-0.000276325,-0.002268225,-0.014624163,0.003876877,0.000763919,0.5928279314853244,0.7309998892672382,08:56.1
05-12-2025,330.6000061035156,348.5899963378906,329.7099914550781,346.2600098,346.2600098,7644700,ADBE,-0.000851928,0.000170784,0.00559509,-0.000592734,-0.005652374,-0.008672229,0.003728986,0.000784847,0.5943200361292281,0.8633868697213694,08:57.0
05-12-2025,280.1199951171875,283.2399902,279.1400146484375,281.2900085449219,281.2900085449219,3834100,ADI,-0.003004371,-0.000556315,0.001691934,-0.002051971,0.0070393,-0.007069392,0.002581276,0.000596284,0.7264117605728135,0.730507001,08:57.7
05-12-2025,59.119998931884766,59.59000015258789,58.970001220703125,59.00999832,59.00999832,1925500,ADM,-0.000184914,0.000983928,0.00198742,-0.000199872,-0.002158044,-0.0131518,0.003660207,0.000724233,0.5931471091280038,0.8643539574125019,08:58.3
05-12-2025,117.87000274658205,118.12000274658205,116.83000183105467,117.54000091552734,117.54000091552734,3166400,AEP,2.4526796375878845e-05,-0.0007949,0.001691934,2.456250930693571e-05,-0.002262661,-0.001791639,0.004048096,0.000812965,0.7288219074228419,0.864280586,08:58.8
05-12-2025,108.94000244140624,109.45999908447266,108.5,109.27999877929688,109.27999877929688,2061500,AFL,-0.000219707,0.000301357,0.001691934,-0.000148361,0.001942107,-0.000894827,0.003438534,0.000692657,0.7287148422146346,0.8643942998843895,08:59.8
05-12-2025,76.51999664,77.27999877929688,76.44999694824219,77.02999877929688,77.02999877929688,4223000,AIG,-0.000154498,0.001434386,0.001691934,-0.000391733,0.003566,-0.007451782,0.003174419,0.000609414,0.7270462966912559,0.8643894955728169,09:00.7
05-12-2025,206.47000122070312,206.47000122070312,201.82000732421875,202.2700042724609,202.2700042724609,1575400,ALL,7.729558310098916e-05,0.000770958,0.001691934,0.000126996,0.007620745,-0.005369759,0.002886532,0.000544489,0.8599998128184563,0.9978002957601112,09:01.4
05-12-2025,269.7900085449219,273.5899963378906,267.3599853515625,268,268,5371800,AMAT,-0.000384551,0.00567525,0.001691934,-0.000272277,0.012107472,0.000676744,0.001560258,0.000317503,0.8598507779373559,0.863543372,09:02.1
05-12-2025,217.1699981689453,223.63999938964844,216.2400054931641,217.97000122070312,217.97000122070312,33251900,AMD,3.5754775231877645e-05,0.006348974,0.003537714,2.6933490529845727e-05,-0.003817266,0.034768663,0.002858862,0.000699981,0.854118535,0.9968428282827988,09:02.9
05-12-2025,340.3599853515625,340.8800048828125,328.6300048828125,329.8900146484375,329.8900146484375,2897700,AMGN,-0.000235061,-0.000528288,0.001691934,-0.000161884,0.003882463,-0.00493081,0.003406631,0.000665795,0.7275199168940654,0.7309721630086224,09:03.6
05-12-2025,230.32000732421875,231.2400054931641,228.5500030517578,229.52999877929688,229.52999877929688,33075500,AMZN,-0.000238555,-0.00103292,0.002902066,-0.000927689,-0.005539968,-0.005114604,0.004454703,0.000872518,0.5949426845558786,0.7306160377726063,09:04.4
05-12-2025,261.5199890136719,265.5199890136719,260.3299865722656,260.69000244140625,260.69000244140625,1315500,APD,0.00017232,7.47426602174528e-05,0.001691934,0.000149159,0.003541333,-0.007071236,0.003396131,0.00064856,0.8604447997039495,0.9977608125439962,09:05.3
05-12-2025,170.27999877929688,172.1300048828125,170.27999877929688,171.2899932861328,171.2899932861328,939100,ATO,0.000109853,-0.000462931,0.001691934,7.809863352847835e-05,-0.001833278,-0.005118673,0.003962848,0.000785048,0.7282437034247038,0.8643421732847285,09:06.2
05-12-2025,386.1700134277344,393.5299987792969,385.1499938964844,390.2399902,390.2399902,24709400,AVGO,-9.87E-05,-0.003841917,0.001691934,-7.16E-05,-0.013289922,-0.006308251,0.005529686,0.001129046,0.5932960429302327,0.7303139410952211,09:07.0
05-12-2025,128.3800048828125,130.27999877929688,128.07000732421875,129.5,129.5,1942700,AWK,4.652628852408469e-06,0.001170456,0.001691934,4.659810993734581e-06,0.003829412,-0.027833562,0.003109563,0.000555596,0.8556903803686666,0.9977783131095136,09:07.5
05-12-2025,369.4500122070313,374.8800048828125,369.05999755859375,370.3500061035156,370.3500061035156,1978700,AXP,-0.000186513,0.000557358,0.001691934,-0.000127023,-0.00211581,-0.003872016,0.003749677,0.000763818,0.59521738,0.864411524,09:08.7
05-12-2025,3837.659912109375,3868.459961,3781.580078,3822.659912109375,3822.659912109375,116100,AZO,7.24538173413336e-06,0.001399414,0.001691934,1.0929763568201524e-05,0.005073623,0.008158019,0.0030292,0.000615938,0.994307487,0.9977635263544664,09:09.5
05-12-2025,201.3999938964844,202.9499969482422,200.55999755859372,201.88999938964844,201.88999938964844,6854500,BA,0.001572855,0.001136712,0.005561233,0.004509448,0.005421846,-0.004283457,0.002111201,0.000494598,0.8604693705876685,0.9971372700067368,09:10.3
05-12-2025,53.93000030517578,54.83000183105469,53.74000168,53.95000076293945,53.95000076293945,33982200,BAC,0.000433202,0.001038756,0.001691934,0.000818229,0.00549452,-0.002046537,0.00297654,0.000585708,0.861098583,0.9978738839659652,09:11.0
05-12-2025,74.09999847,74.58000183105469,73.25,74.16999816894531,74.16999816894531,3977300,BBY,0.000500894,-0.00288536,0.002504537,0.000366474,-0.005923294,-0.007915639,0.00476606,0.000926399,0.7275558768046575,0.8636876773399899,09:11.7
05-12-2025,193.72000122070312,196.1199951171875,193.69000244140625,193.9600067138672,193.9600067138672,1784700,BDX,-0.000218767,0.000310878,0.001691934,-0.000172155,0.002222626,0.004130909,0.003429102,0.000699728,0.8617691317622218,0.864395021,09:12.3
05-12-2025,5035.609863,5199.52002,5019.350098,5197.040039,5197.040039,303800,BKNG,-4.83E-06,0.001633828,0.00130077,-4.81E-06,0.023237092,0.003542581,0.001411741,0.000214365,0.8575878898874607,0.8644440857535065,09:12.8
05-12-2025,1068.489990234375,1074,1062.8900146484375,1072.1600341796875,1072.1600341796875,544100,BLK,-0.000106555,0.001696412,0.001691934,-7.49E-05,0.001674801,0.000676744,0.003239178,0.000660241,0.862289734,0.8643733409989008,09:13.8
05-12-2025,503.8599853515625,505.7600098,500.5400085449219,504.3399963378906,504.3399963378906,3462200,BRK-B,-0.000132229,-5.37E-05,0.001691934,-9.74E-05,-0.000143055,-0.000430439,0.003705524,0.000749141,0.5959074449195939,0.7310434271348114,09:14.5
05-12-2025,107.66999816894533,109.37000274658205,107.51000213623048,108.87999725341795,108.87999725341795,14935300,C,-0.000269442,0.00088282,0.001691934,-0.000186855,0.002339929,0.002742548,0.003298238,0.00067617,0.8620004043019829,0.8643953396924826,09:15.0
05-12-2025,16.920000076293945,17.139999389648438,16.860000610351562,17.049999237060547,17.049999237060547,8209100,CAG,-0.000535789,-0.000166705,0.001691934,-0.001516651,-0.007985734,-0.005436272,0.004644036,0.000918727,0.594654345,0.7309771190388181,09:16.1
05-12-2025,604,607,597.7399902,603.1699829101562,603.1699829101562,2176800,CAT,-8.22E-05,-0.000897513,0.001691934,-6.07E-05,-0.005965662,0.003421995,0.004383614,0.000908991,0.7273845645383017,0.7309241571384135,09:16.7
05-12-2025,293.79998779296875,295.19000244140625,291.75,295,295,2780400,CB,0.000154363,0.000219128,0.001691934,0.000350583,0.006374053,-0.002663012,0.00306714,0.000593089,0.8607763663321488,0.9977759802223668,09:17.4
05-12-2025,25.93000030517578,26.040000915527344,25.65999984741211,25.87000084,25.87000084,10875100,CCL,-0.001019238,0.001589307,0.003362661,-0.004653479,0.009983039,-0.004325828,0.003335637,0.000489664,0.7259257027000074,0.8638991832613462,09:18.6
05-12-2025,338.42999267578125,341.0400085449219,336.1600036621094,337.5299987792969,337.5299987792969,1325100,CDNS,-0.000735986,4.229087790008634e-05,0.005624774,-0.000644685,-0.002908919,-0.00056646,0.003585028,0.000752043,0.5954385973253224,0.863384957,09:19.2
05-12-2025,83.72000122070312,84.90000153,83.51000213623047,84.51999664,84.51999664,2645900,CHD,-0.000535727,0.001587969,0.001691934,-0.000457017,0.001874489,-0.009126863,0.003161733,0.000634973,0.7269590099696546,0.8642846924265004,09:19.7
05-12-2025,268.4599914550781,269.0799865722656,263.8699951171875,265.44000244140625,265.44000244140625,1095700,CI,-4.24E-05,0.000182278,0.001691934,-0.000173473,-0.001925809,-0.005588035,0.003865899,0.000767911,0.5948557565002188,0.8644126702184536,09:20.8
05-12-2025,77.47000122070312,78.20999908447266,77.23999786376953,78.06999969482422,78.06999969482422,5649600,CL,-0.000667507,-0.000205643,0.001691934,-0.00046593,-0.002525294,-0.00039919,0.003836312,0.000805245,0.5954881831063676,0.7309541290249987,09:21.6
05-12-2025,104.70999908447266,106.08999633789062,104.62000274658205,104.9000015258789,104.9000015258789,1384400,CLX,-5.75E-06,-0.000331824,0.002779174,-3.89E-06,-0.004678917,-0.024667891,0.004055698,0.000775858,0.5906895192945087,0.7307670357081515,09:22.2
05-12-2025,27.229999542236328,28.07999992370605,27.209999084472656,27.309999465942383,27.309999465942383,47677500,CMCSA,-0.00064601,-0.001586651,0.002674117,-0.000486573,0.007043306,-0.002144164,0.003189154,0.000624661,0.7273234386150615,0.7305519347283511,09:23.0
05-12-2025,273.3500061035156,273.8699951171875,270.1000061035156,270.8699951171875,270.8699951171875,1968700,CME,8.443577446004547e-05,2.599604522401933e-05,0.001691934,6.354882417203278e-05,0.004882155,-0.00505691,0.003280976,0.000626984,0.8606268997495141,0.9977450859905864,09:23.7
05-12-2025,33.959999084472656,34.150001525878906,33.65999984741211,33.939998626708984,33.939998626708984,17366600,CMG,-0.002455162,-0.004667845,0.001691934,-0.002353818,-0.00058447,-0.037620064,0.004223487,0.000809848,0.5875956736103254,0.7301495000224836,09:24.9
05-12-2025,508.7600098,514.4299926757812,506.4400024414063,510.6499938964844,510.6499938964844,1063400,CMI,-0.000593196,0.000101117,0.001691934,-0.001448925,-0.001026905,-0.002485721,0.003950475,0.000768681,0.5956748674750638,0.8643196082695835,09:26.0
05-12-2025,71.56999969482422,71.87000274658203,71.04000091552734,71.08999633789062,71.08999633789062,1882700,CMS,-4.87E-05,-0.001032934,0.001691934,-3.46E-05,-0.000113694,-0.003039515,0.003887834,0.00077116,0.595282993,0.730901408,09:27.0
05-12-2025,228.55999755859372,233.00999450683597,228.55999755859372,230.67999267578125,230.67999267578125,3919200,COF,-0.000218288,0.00023706,0.002054628,-0.000148275,0.002989849,-0.005139864,0.003326076,0.000656095,0.7276462797629946,0.8643069521463548,09:27.9
05-12-2025,92.26999664,95.06999969482422,92.08000183105467,93.69000244140624,93.69000244140624,9873600,COP,-0.000117709,0.001056654,0.00332835,-8.06E-05,0.003516522,0.00294045,0.003084014,0.000623309,0.8618602920311611,0.8640832263648923,09:28.9
05-12-2025,897.25,905.8900146484376,893,894.6799926757812,894.6799926757812,2358100,COST,3.618836094543276e-05,-0.000959367,0.003174658,3.351152140673719e-05,-0.001327952,0.004304959,0.003910094,0.000793175,0.8614508186953487,0.8639181321099209,09:30.1
05-12-2025,250.8300018310547,261.8800048828125,249.5,260.57000732421875,260.57000732421875,15846200,CRM,0.000322342,0.001014183,0.005183854,0.001191646,-0.00199356,-0.017303294,0.003225627,0.000653577,0.725310183,0.9970593882581802,09:31.1
05-12-2025,77.97000122070312,78.19000244140625,77.40000153,77.97000122070312,77.97000122070312,12578800,CSCO,-0.000933642,0.000870603,0.001691934,-0.000666868,0.00583672,0.001387561,0.002866903,0.00059921,0.8612942809324249,0.8642496992528159,09:31.9
05-12-2025,36.130001068115234,36.560001373291016,36.09000015258789,36.29999923706055,36.29999923706055,10499800,CSX,-0.000240122,0.001406319,0.001833992,-0.000169674,0.010196451,-0.002008829,0.002503641,0.000478153,0.7266424104062321,0.8643507393109096,09:32.9
05-12-2025,76.73000336,76.88999938964844,74.98000336,75.62999725341797,75.62999725341797,7767600,CVS,-1.71E-05,0.000511077,0.001691934,-1.20E-05,0.000315452,-0.001317484,0.003583563,0.000719789,0.7289620404962303,0.8644404366462222,09:33.7
05-12-2025,152,152.6300048828125,149.8300018310547,150,150,12657500,CVX,0.000144092,0.001387456,0.003392811,0.000140902,0.003699824,-0.000662934,0.003037392,0.000598425,0.861701718,0.9974624505464262,09:34.3
05-12-2025,58.99000168,59.13999938964844,58.459999084472656,58.49000168,58.49000168,7138000,D,-8.79E-05,-0.000236468,0.001691934,-6.94E-05,0.002343412,-0.00217432,0.003526211,0.000696981,0.7283932886488276,0.7310263947037439,09:35.0
05-12-2025,66.75,67.75,66.30000305175781,67.09999847,67.09999847,7894500,DAL,0.000449377,0.0033492,0.004203537,0.000303758,0.01113505,-0.01950548,0.002016955,0.000320024,0.8563839449116359,0.997328703,09:35.8
05-12-2025,39.900001525878906,40.77000045776367,39.810001373291016,40.50999832,40.50999832,4490800,DD,0.000346327,0.000735892,0.001691934,0.000495109,0.00040956,-0.009566983,0.003518491,0.000686555,0.8602972753593792,0.9978482428384372,09:36.7
05-12-2025,481.3900146484375,485.4400024414063,473.6900024414063,475.1099853515625,475.1099853515625,1224400,DE,2.570802338164313e-05,0.000544417,0.001691934,2.565963230649615e-05,0.005903764,0.00696625,0.003109988,0.000620893,0.9944596049442832,0.9977828964632512,09:37.2
05-12-2025,161.08999633789062,162.10000610351562,158.52000427246094,158.6199951171875,158.6199951171875,2167300,DHI,-0.001012411,0.000377571,0.00244614,-0.001207369,0.002893168,-0.002644321,0.003275439,0.000660842,0.7281441126991293,0.8640879366900442,09:37.9
05-12-2025,228.02999877929688,228.47999572753903,225,226.25,226.25,3179600,DHR,-1.26E-05,-0.000259852,0.001691934,-8.89E-06,-0.000746315,-0.003094796,0.003811865,0.000761124,0.5953241104661513,0.7310306123069008,09:38.6
05-12-2025,189.97999572753903,191.1699981689453,189.5800018310547,191.08999633789065,191.08999633789065,770700,DOV,7.427705484230884e-05,0.000111009,0.001691934,5.9574895218350576e-05,-0.001040177,-0.020389667,0.003752179,0.000710906,0.7246624743713364,0.9977540039043644,09:39.4
05-12-2025,23.170000076293945,23.684999465942383,22.934999465942383,22.959999084472656,22.959999084472656,9023600,DOW,-0.000101944,-0.003047519,0.00771639,-7.42E-05,-0.006198712,-0.022301663,0.004330207,0.000827846,0.591337592,0.7292033730431329,09:40.1
05-12-2025,177.1999969482422,178.9600067138672,176.1699981689453,177.72000122070312,177.72000122070312,1139800,DRI,-0.000111336,0.001554919,0.001691934,-7.74E-05,0.003405923,-0.031008199,0.003049559,0.000544884,0.7216985514663441,0.8643879102978573,09:41.1
05-12-2025,131.92999267578125,132.4600067138672,131.13999938964844,131.22999572753906,131.22999572753906,1580000,DTE,1.193553330680608e-05,-0.000399745,0.001691934,8.482422379385568e-06,-0.002791847,-0.004608912,0.004017946,0.000805066,0.7283666618126976,0.8643454561560504,09:41.9
05-12-2025,117.83999633789062,118.18000030517578,116.4000015258789,116.5199966430664,116.5199966430664,3981200,DUK,6.66859317099977e-07,0.000592424,0.001691934,4.760497276379283e-07,0.001515999,-0.001898495,0.00346606,0.00069015,0.861950344,0.9977806200670448,09:42.7
05-12-2025,37.58000183105469,38.27000045776367,37.43999862670898,37.470001220703125,37.470001220703125,7667900,DVN,0.000691485,-0.000413127,0.001691934,0.000693014,-9.58E-05,-0.005731254,0.003854728,0.000742118,0.7278882184283344,0.8643679176554392,09:43.4
05-12-2025,81.87000274658203,82.70999908447266,81.44999694824219,82.47000122070312,82.47000122070312,3240000,EBAY,-1.03E-05,-6.69E-05,0.001691934,-1.03E-05,0.001542101,-0.000189722,0.003583715,0.000714015,0.728926007,0.7310563683330908,09:44.0
05-12-2025,264.7600098,265.20001220703125,259.1300048828125,259.69000244140625,259.69000244140625,1551000,ECL,-1.04E-05,0.000179769,0.001691934,-8.17E-06,0.004570544,-0.007146628,0.003259876,0.000623702,0.7269153402404018,0.8644168949528839,09:44.8
05-12-2025,96,96.91000366210938,95.95999908447266,96.59999847,96.59999847,1775800,ED,-2.27E-05,9.386741294292732e-05,0.001691934,-2.03E-05,0.000512232,-0.002428515,0.003638855,0.000725344,0.7286756136029935,0.8644065892345827,09:45.6
05-12-2025,136.33999633789062,138.08999633789062,136,137.38999938964844,137.38999938964844,1578700,EMR,-0.000607472,0.000504571,0.002428182,-0.000443126,0.002396043,-0.002682244,0.00324106,0.00066256,0.7282776244396958,0.8641712146447001,09:46.3
05-12-2025,111.80999755859376,114.25,111.80999755859376,112.16999816894533,112.16999816894533,3128100,EOG,-0.000182156,0.001530487,0.002302249,-0.000131382,0.002548703,0.000706985,0.003137726,0.000638277,0.8620887360721623,0.8642788480039272,09:47.2
05-12-2025,67.05999755859375,67.47000122070312,66.37000274658203,66.73999786376953,66.73999786376953,2980000,ES,-0.0003111,0.00089551,0.009525141,-0.000235863,0.01338341,-0.015118103,0.001765121,0.00028431,0.7235616890290288,0.8626168517743555,09:47.8
05-12-2025,338.8900146484375,341.4200134277344,336,337.6600036621094,337.6600036621094,1845400,ETN,-0.001527004,-0.002079391,0.005999366,-0.00312638,-0.003552752,-0.00331407,0.004377521,0.000837482,0.5958939219218743,0.7296283139322388,09:48.5
05-12-2025,93.93000030517578,94.81999969482422,93.62999725341795,94.22000122070312,94.22000122070312,3317400,ETR,-0.00090486,-0.000376013,0.001691934,-0.000749856,-0.000831893,-0.006312289,0.003693817,0.00076023,0.5946830081991884,0.7309044675263581,09:49.1
05-12-2025,44.130001068115234,44.220001220703125,43.77000045776367,43.810001373291016,43.810001373291016,7618900,EXC,-0.000354287,0.000273344,0.001691934,-0.000253621,-0.001347716,-0.00210328,0.003706667,0.000760887,0.5956017727709284,0.8643698251437655,09:49.7
05-12-2025,13.149999618530272,13.279999732971191,13,13.029999732971191,13.029999732971191,54079800,F,7.844150983471465e-05,0.00334891,0.001691934,7.88993423308515e-05,-0.002186744,-0.029857699,0.003251603,0.000612695,0.7226009997759144,0.9974640399047404,09:50.7
05-12-2025,41.630001068115234,41.97999954223633,41.380001068115234,41.5,41.5,7062700,FAST,-0.000115899,0.000803948,0.002294088,-8.30E-05,0.00864784,0.006788851,0.002757576,0.00054583,0.8607772876730515,0.8643014035737154,09:51.4
05-12-2025,45.27000045776367,45.970001220703125,45.119998931884766,45.20000076293945,45.20000076293945,20180600,FCX,0.000387066,0.001568113,0.003054919,0.000446769,0.003260009,0.012970469,0.003101938,0.000641018,0.993312955,0.9975855818803304,09:52.1
05-12-2025,273.9899902,276.6000061035156,273,274.2900085449219,274.2900085449219,1034000,FDX,-1.95E-05,-3.59E-05,0.001691934,-1.43E-05,0.001914443,-0.004189269,0.003535228,0.000694678,0.728043991,0.7310590754182295,09:52.9
05-12-2025,45.04999923706055,45.310001373291016,44.810001373291016,44.90999984741211,44.90999984741211,4692800,FE,-0.000217846,-0.000522457,0.001691934,-0.000152579,0.000378814,-0.000514171,0.003725506,0.000751989,0.7291311724947123,0.7309745646470587,09:53.7
05-12-2025,341.0100098,341.5,333.9899902,337.3099975585937,337.3099975585937,1317800,GD,-6.00E-05,-0.000659174,0.001691934,-5.96E-05,-0.00178797,-3.30E-05,0.003976306,0.000803654,0.5955709333746615,0.7309658065944189,09:54.3
05-12-2025,291.6700134277344,293.2799987792969,282.1499938964844,283.94000244140625,283.94000244140625,5217500,GE,-0.000173359,0.001815237,0.003210721,-0.000172331,0.002953334,0.000246335,0.003004443,0.000607615,0.8619560936891553,0.8641040803116216,09:54.8
05-12-2025,122.29000091552734,122.52999877929688,120.37999725341795,121.22000122070312,121.22000122070312,10416800,GILD,0.000709763,-0.000553633,0.001691934,0.001289172,0.001469734,-0.002031425,0.003589867,0.000716781,0.861844311,0.8643382684926444,09:55.6
05-12-2025,45.93999862670898,46.34000015258789,45.68000030517578,45.93000030517578,45.93000030517578,5463800,GIS,-5.43E-05,-0.001143533,0.001691934,-0.000163554,-0.006326857,0.000484136,0.004493197,0.000917656,0.7277844358660988,0.7308808221388012,09:56.5
05-12-2025,75.08000183105469,77,75,76.05000305175781,76.05000305175781,8817100,GM,-0.000314532,1.5741941751912236e-05,0.001691934,-0.000262208,-0.000743742,-0.019465044,0.003683702,0.000710796,0.5915502797862577,0.8643585925444841,09:57.3
05-12-2025,319.4899902,323.1600036621094,319.1700134277344,321.2699890136719,321.2699890136719,28823600,GOOGL,-8.23E-05,-0.000541024,0.001691934,-5.62E-05,-0.002307483,-0.001859649,0.003987506,0.000806254,0.5954950904210957,0.7309831015464583,09:58.2
05-12-2025,129.02999877929688,130.44000244140625,128.39999389648438,130.24000549316406,130.24000549316406,861600,GPC,-0.000783636,0.000474574,0.001691934,-0.002851457,-0.000934027,-0.017237559,0.004165582,0.000729703,0.5923695007164076,0.8642925811072386,09:59.3
05-12-2025,837.2600098,856.2000122070312,836.5200195,854.5599975585938,854.5599975585938,2276900,GS,0.000511685,9.608460095478222e-05,0.001691934,0.00065674,0.000790481,0.003190167,0.003643551,0.000730388,0.9953998099120842,0.9977929930155004,10:00.3
05-12-2025,965.5300293,977.1400146484376,961.8099975585938,975.5399780273438,975.5399780273438,208300,GWW,-0.000137037,3.127479067188688e-05,0.001691934,-0.00010073,0.002200752,0.002114374,0.003488887,0.00070315,0.8621158033946132,0.864385068,10:01.1
05-12-2025,27.88999938964844,28.649999618530277,27.87999916,28.450000762939453,28.450000762939453,13606000,HAL,0.000734563,0.001102448,0.004880553,0.001071278,0.010710283,-0.010215536,0.002324617,0.000405839,0.8584081926042963,0.997195625,10:01.9
05-12-2025,350.6499938964844,355.6199951171875,349.5299987792969,354.6099853515625,354.6099853515625,5959200,HD,-0.000218635,0.001685683,0.004976634,-0.000160543,4.7348279622383416e-05,0.001354286,0.003145202,0.000651492,0.8623127931698482,0.8637267183312662,10:02.6
05-12-2025,273.3099975585937,274.6199951171875,271.2300109863281,272.25,272.25,1313600,HLT,-6.69E-05,0.000527242,0.001691934,-4.71E-05,0.003202208,-0.009564893,0.003301876,0.000636181,0.726620316,0.8644324211950836,10:03.7
05-12-2025,192.7700042724609,193.3600006103516,190.6499938964844,191.3300018310547,191.3300018310547,4294300,HON,-0.000341921,0.001113721,0.003329439,-0.000285421,0.001666358,-0.010765391,0.003179189,0.000626066,0.726599893,0.8640438074201146,10:04.4
05-12-2025,181.52999877929688,183.25,180.55999755859372,182.3000030517578,182.3000030517578,1084300,HSY,6.80873227696388e-05,-0.000266328,0.001691934,6.127124588251043e-05,0.00215538,-0.013226627,0.003550586,0.00067268,0.8592651413729535,0.8643701440001357,10:05.0
05-12-2025,308.5899963378906,311.8299865722656,307.17999267578125,307.94000244140625,307.94000244140625,2342700,IBM,-2.69E-05,0.001102244,0.003086959,-2.84E-05,0.003078232,-0.005521488,0.003134711,0.000612597,0.7275429821577359,0.8641546864823393,10:05.6
05-12-2025,158.6300048828125,159.1999969482422,157.30999755859375,157.82000732421875,157.82000732421875,3852100,ICE,-0.00022738,-0.00057888,0.001691934,-0.00016689,0.00232654,-0.000291466,0.003565558,0.000712756,0.7287122811273667,0.730965585,10:06.3
05-12-2025,41.15999984741211,42.83000183105469,41.150001525878906,41.40999984741211,41.40999984741211,102868100,INTC,-0.011668119,-0.009279173,0.007336549,-0.008355746,0.020115875,0.030979779,0.001080683,0.000613243,0.854489983,0.7272733737399654,10:07.0
05-12-2025,569.5,576.8800048828125,569.4299926757812,575.3400268554688,575.3400268554688,1096600,ISRG,-0.00031456,0.000476672,0.001691934,-0.000213254,0.00198277,0.002812998,0.003392108,0.000696255,0.8620102702223134,0.8643851465545284,10:07.7
05-12-2025,250.1199951171875,250.8600006103516,248.1300048828125,249.6999969482422,249.6999969482422,782700,ITW,-0.000205703,0.001045217,0.001691934,-0.000149387,0.00386957,-0.005479783,0.003133354,0.000617138,0.7274071074087833,0.8644038835940895,10:08.5
05-12-2025,202.97999572753903,203.4499969482422,200.80999755859372,201.92999267578125,201.92999267578125,7785300,JNJ,0.00029783,-0.001075463,0.001691934,0.000217373,0.002527286,-0.000554863,0.003733176,0.000722027,0.8619939499439944,0.8642331570536683,10:09.2
05-12-2025,315.6400146484375,318.4800109863281,314.67999267578125,315.0400085449219,315.0400085449219,6518100,JPM,-0.000726282,0.001100676,0.002111504,-0.000498848,0.003259131,0.003806895,0.003062078,0.000647318,0.8616927673757984,0.8642109148237154,10:10.0
05-12-2025,1224,1240,1212.3199462890625,1214.459961,1214.459961,681900,KLAC,-0.001006692,0.001116002,0.001691934,-0.000734814,0.001244748,0.001972947,0.003217354,0.00069166,0.8620764117874329,0.8642178576539745,10:10.7
05-12-2025,103.5199966430664,104.62999725341795,102.91000366210938,102.95999908447266,102.95999908447266,5447600,KMB,3.990606234793859e-06,-0.000901771,0.001691934,2.71579350252793e-06,-0.005559178,-0.017961612,0.004322712,0.000844529,0.7255879393006468,0.8642605917069506,10:11.7
05-12-2025,27.87000084,28,27.690000534057617,27.770000457763672,27.770000457763672,14290800,KMI,-8.81E-06,0.001943814,0.001691934,-6.02E-06,0.017501822,-0.004273979,0.001816436,0.000301654,0.7246475718959495,0.8643641798826924,10:12.3
05-12-2025,70.31999969482422,70.70999908447266,69.87000274658203,70,70,13974600,KO,4.656570593475351e-05,0.000231879,0.001691934,4.182875114033813e-05,0.004173852,-0.000937341,0.003305661,0.000646634,0.8615427530115083,0.9977630940698085,10:13.2
05-12-2025,63,63.93999862670898,62.66999816894531,62.709999084472656,62.709999084472656,8880600,KR,-0.000781904,0.00072377,0.001691934,-0.002877778,-0.000798192,-0.01047432,0.004130408,0.000737184,0.593910365,0.8642890072261971,10:14.0
05-12-2025,127.06999969482422,128.2100067138672,123.87999725341795,123.91000366210938,123.91000366210938,6242200,LEN,-0.000397995,0.001160388,0.004378436,-0.000571915,-0.004754922,0.004651578,0.003752089,0.000789919,0.72739785,0.8638049806544462,10:14.7
05-12-2025,279.3099975585937,280.2200012207031,275.2799987792969,278.5,278.5,710600,LHX,-0.00061319,0.000571017,0.004026629,-0.000435733,-0.001700517,0.005002883,0.003491904,0.000745711,0.7278646427583044,0.8638151491499275,10:15.4
05-12-2025,403.9599914550781,404.6099853515625,398.9299926757813,399.5700073242188,399.5700073242188,3183600,LIN,-0.000660724,0.001027178,0.005446685,-0.000458113,0.006484594,-0.001900879,0.002571779,0.00051922,0.7274908633915154,0.8635131611353419,10:16.1
05-12-2025,1023.8400268554688,1027.3900146484375,1004,1010.3099975585938,1010.3099975585938,2495300,LLY,-0.000522948,-0.00443641,0.001691934,-0.000353858,-0.015570169,-0.001020647,0.005759981,0.001209845,0.5924950466346774,0.7302004275037779,10:17.0
05-12-2025,447.7799987792969,452.8200073242188,446.4100036621094,452.2000122070313,452.2000122070313,1290500,LMT,-6.11E-05,0.000306942,0.006766724,-6.09E-05,0.001144136,0.00383154,0.003213775,0.000651151,0.8618356177626374,0.863234556,10:17.5
05-12-2025,246.1499938964844,248.67999267578125,245.66000366210935,248.47000122070312,248.47000122070312,2642100,LOW,-6.65E-05,0.001581306,0.001691934,-6.74E-05,0.003823816,-0.002477198,0.003078649,0.000609744,0.728019858,0.8643956673498754,10:18.1
05-12-2025,159.00999450683594,161.0500030517578,157.8800048828125,158.6999969482422,158.6999969482422,7832200,LRCX,7.431727270423849e-05,0.005989619,0.003290459,5.3738407145287326e-05,0.016105132,0.008684681,0.001149499,0.000220641,0.9927229367049084,0.9969246750535102,10:18.8
05-12-2025,184.6199951171875,191.8500061035156,184.6199951171875,190.00999450683597,190.00999450683597,4640000,LULU,0.001141964,-0.004459316,0.001691934,0.003295802,-0.00415086,-0.068217017,0.004257395,0.000764866,0.7137634026429125,0.8634116775915683,10:19.8
05-12-2025,35.310001373291016,38.16999816894531,35.310001373291016,37.84999847412109,37.84999847412109,15211100,LUV,0.000136083,0.001067568,0.001691934,0.00012308,0.006615353,-0.031111952,0.002895315,0.000490232,0.8545466082018949,0.997811312,10:20.4
05-12-2025,66.37999725341797,66.83000183105469,66.12999725341797,66.25,66.25,4361800,LVS,7.524019364901768e-05,0.000786642,0.001691934,5.296784771657848e-05,0.00091656,0.003183909,0.003508187,0.000710257,0.995321852,0.9978001731589382,10:21.2
05-12-2025,541.7100219726562,550.4400024414062,541.25,545.5200195,545.5200195,2126200,MA,-0.000698341,0.000432819,0.001691934,-0.000506726,-8.61E-05,-0.000781798,0.003507001,0.000733076,0.5958381472703171,0.8643097477392437,10:22.0
05-12-2025,295.20001220703125,296.2799987792969,292,292.5899963378906,292.5899963378906,1604600,MAR,3.0845985141914056e-05,0.000186787,0.001691934,3.622322820140411e-05,0.002761631,-0.006956486,0.003421209,0.000662426,0.8606096974129394,0.997756532,10:22.7
05-12-2025,308.6600036621094,312.04998779296875,308.20001220703125,311.2300109863281,311.2300109863281,3147200,MCD,0.000149876,0.000430077,0.001691934,0.00011608,0.002998432,-0.001222677,0.003392175,0.000664873,0.8617687372579812,0.997795618,10:23.3
05-12-2025,66.19000244140625,66.94999694824219,65.54000091552734,65.80999755859375,65.80999755859375,11350100,MCHP,-0.001278932,-0.001644222,0.005129249,-0.000913239,0.020702651,-0.041242272,0.001633741,0.000198952,0.7168003888741064,0.7299136457790844,10:24.1
05-12-2025,55.709999084472656,56.33000183105469,54.75,54.90999984741211,54.90999984741211,10434800,MDLZ,-0.000375046,0.001067749,0.002938735,-0.000272162,0.003606522,-0.002836089,0.003042386,0.00061182,0.7279937890108796,0.8641200341669237,10:24.7
05-12-2025,102.11000061035156,102.45999908447266,101.30999755859376,101.36000061035156,101.36000061035156,5158000,MDT,-0.000268209,0.000536716,0.001691934,-0.000214286,0.003820623,0.004062545,0.003241038,0.000658721,0.8616689415878236,0.8643955043207985,10:25.4
05-12-2025,78.02999877929688,78.72000122070312,77.76999664,78.66000366210938,78.66000366210938,3557700,MET,-4.72E-05,0.001327795,0.004065388,-3.27E-05,0.003692901,-0.001759047,0.002975543,0.000588747,0.7281795202008294,0.8639441803208634,10:26.3
05-12-2025,664,674.6900024414062,662.3900146484375,673.4199829101562,673.4199829101562,21166900,META,-0.001613294,-0.00656886,0.001691934,-0.001154682,-0.006938717,-0.007701767,0.005170905,0.001074082,0.5945238470446008,0.7297724198886386,10:26.9
05-12-2025,169.1999969482422,169.33999633789062,165.66000366210938,167.47999572753906,167.47999572753906,3021400,MMM,-0.000726963,9.587400563759728e-05,0.001691934,-0.001588168,-0.001057395,-0.016073043,0.003914409,0.00073465,0.5925268199444499,0.8642958274355843,10:27.7
05-12-2025,58.20000076293945,58.45000076293945,57.91999816894531,57.99000168,57.99000168,5744700,MO,0.000756168,0.000669424,0.001691934,0.000546122,0.003017948,-0.004716516,0.003456579,0.000647368,0.8610403123762749,0.9978993947386778,10:28.6
05-12-2025,189.91000366210935,193.52999877929688,189.91000366210935,190.52999877929688,190.52999877929688,1441800,MPC,-0.000140062,0.000577637,0.003922659,-9.46E-05,-0.00069948,-0.013766342,0.003461986,0.000675984,0.5928473246132031,0.8639137645207917,10:29.4
05-12-2025,101.4000015258789,102.08999633789062,99.19000244140624,99.72000122070312,99.72000122070312,16427800,MRK,-0.000875162,0.00101043,0.001691934,-0.000601101,0.003421814,-0.008573801,0.003038505,0.000620274,0.7268343956634138,0.8642551259356679,10:30.1
05-12-2025,174.47000122070312,177.32000732421875,174.3000030517578,176.50999450683594,176.50999450683594,4641600,MS,0.000435996,0.000995913,0.001878355,0.000497382,0.003217559,-0.001358408,0.003263684,0.000638027,0.8617099721155488,0.9978340632893066,10:30.9
05-12-2025,482.5199890136719,483.3999938964844,478.8800048828125,483.1600036621094,483.1600036621094,22587400,MSFT,-0.001273395,-0.000256238,0.005818144,-0.001971511,-0.002996096,0.003143335,0.003802765,0.000779918,0.727975359,0.7299035215533036,10:31.7
05-12-2025,83.51000213623047,84.19999694824219,83.05999755859375,83.12999725341797,83.12999725341797,8193700,NEE,-0.000208479,-0.000213096,0.001691934,-0.000182021,-0.000732591,0.000317462,0.003781175,0.000768897,0.7291001464492246,0.7310160092959801,10:32.4
05-12-2025,90.59999847,92.69999695,89.66999816894531,89.76000213623047,89.76000213623047,6493500,NEM,0.000345996,0.00274008,0.002334988,0.000258919,0.008889385,-0.002702546,0.002453152,0.000456131,0.8602011409495773,0.9976081707090424,10:33.2
05-12-2025,98.77999877929688,104.79000091552734,97.73999786376952,100.23999786376952,100.23999786376952,133177200,NFLX,0.001338878,0.001758239,0.005474041,0.001112821,-0.000577402,-0.024105268,0.003353909,0.000585722,0.7236248522481876,0.997203278,10:34.1
05-12-2025,65.69999694824219,66.08000183105469,64.87999725341797,65.86000061035156,65.86000061035156,10916700,NKE,0.000346182,0.00040123,0.001828916,0.000305585,-0.005130381,-0.007754155,0.004111442,0.0008197,0.7276418566553484,0.997787806,10:35.0
05-12-2025,551.5,552.2800293,544.1599731445312,548.9699707,548.9699707,785500,NOC,0.000220048,-0.001460624,0.001691934,0.00096403,0.000312492,-0.004910644,0.00374812,0.000761776,0.8613366270241429,0.8641542623527889,10:36.2
05-12-2025,293.70001220703125,295.5899963378906,293.3099975585937,294.19000244140625,294.19000244140625,1045100,NSC,0.000346876,-0.00116437,0.001691934,0.000299314,0.001170712,-0.001826396,0.003861665,0.000749848,0.862019217,0.8642147278552239,10:36.8
05-12-2025,162.58999633789062,162.77999877929688,159.13999938964844,159.4499969482422,159.4499969482422,1974000,NUE,0.000210523,0.000129208,0.001691934,0.000156964,0.000442223,-0.007898721,0.003669186,0.0007111,0.8607220211222593,0.99777187,10:37.7
05-12-2025,183.88999938964844,184.66000366210935,180.91000366210935,182.41000366210935,182.41000366210935,143635500,NVDA,0.003861579,-0.001037006,0.001691934,0.002699536,0.0033632,0.010338653,0.004367366,0.000727516,0.994259433,0.8637973321815298,10:38.6
05-12-2025,76,76.84999847,75.91000366210938,76.33999633789062,76.33999633789062,3288200,OKE,0.001648874,0.000112395,0.001691934,0.001927168,0.001244855,-0.014279966,0.003653713,0.000668638,0.8589333746605476,0.9977636891341528,10:39.1
05-12-2025,99.55999755859376,99.84999847,97.94999695,98.88999938964844,98.88999938964844,4517300,ORLY,-1.40E-05,0.000395264,0.001691934,-1.02E-05,0.003648814,-0.006755503,0.003302083,0.000637899,0.7271690332491205,0.86443409,10:39.7
05-12-2025,42.560001373291016,43.209999084472656,42.38999938964844,42.43000030517578,42.43000030517578,10010600,OXY,4.509436288979707e-05,0.00039485,0.002498006,4.517275793358699e-05,0.001489642,-0.001937229,0.003454353,0.000685157,0.8619464246678152,0.997589674,10:40.3
05-12-2025,108.37000274658205,110.63999938964844,108.06999969482422,110.33000183105467,110.33000183105467,3093900,PCAR,-0.001435931,0.000160461,0.001691934,-0.004370807,0.002486347,-0.00137296,0.004124512,0.000718766,0.7279150202625637,0.8641597132253045,10:41.1
05-12-2025,80.37000274658203,80.70999908447266,79.54000091552734,79.56999969482422,79.56999969482422,4567700,PEG,5.652876329320655e-05,2.1138535885256715e-05,0.001691934,4.1704495495675786e-05,0.000494778,-0.003450463,0.003664892,0.000725094,0.8617679918255248,0.9977413478830804,10:41.8
05-12-2025,145.6199951171875,145.8000030517578,144.50999450683594,145.02000427246094,145.02000427246094,5971300,PEP,-0.000479897,-0.00031637,0.001691934,-0.000376539,-0.002928507,-0.000190884,0.003939918,0.00081795,0.5953573907334613,0.7309708080352079,10:42.4
05-12-2025,25.770000457763672,26.12000084,25.63999938964844,26.030000686645508,26.030000686645508,47430600,PFE,-3.34E-05,0.002797145,0.001691934,-3.30E-05,0.007607661,-0.002639358,0.002532526,0.000491608,0.7271497115610068,0.8642157005889307,10:43.4
05-12-2025,145.16000366210938,145.6300048828125,143.25,143.4499969482422,143.4499969482422,12784600,PG,1.9748372655614688e-05,0.000796431,0.001691934,1.6413594457587166e-05,0.003115858,-0.000888956,0.003294271,0.000652397,0.8617918822969286,0.9977893635012992,10:43.9
05-12-2025,873.5,882,871.2600098,880,880,592300,PH,-0.000440834,5.023360063205473e-05,0.001691934,-0.000877286,0.003606445,0.003574554,0.003464365,0.000682281,0.8615969396086425,0.8643418533271126,10:44.9
05-12-2025,128.75999450683594,129.3800048828125,126.76000213623048,126.98999786376952,126.98999786376952,1205000,PHM,0.001149655,-0.000699008,0.002089644,0.000864663,0.002279015,0.003756869,0.003819942,0.000720188,0.9953914265865508,0.8642188710005434,10:45.7
05-12-2025,148.2100067138672,148.9199981689453,147.3000030517578,147.80999755859375,147.80999755859375,5456200,PM,-0.001746254,0.000595999,0.001691934,-0.001182225,0.002585013,-0.00088647,0.003024412,0.000671426,0.7284607155722622,0.8640814219626345,10:46.7
05-12-2025,197.33999633789065,199.05999755859372,196.44000244140625,197.8600006103516,197.8600006103516,1367300,PNC,4.788749106721113e-05,0.001572055,0.001691934,3.407546468880973e-05,0.006937609,-0.000466558,0.002827398,0.000548414,0.8609642290156791,0.9977568520770848,10:47.6
05-12-2025,101.30999755859376,102.08000183105467,100.76000213623048,101.02999877929688,101.02999877929688,2474700,PPG,-2.42E-06,0.000811056,0.001691934,-2.42E-06,0.001209319,-0.018682627,0.003420647,0.000646323,0.7248030605543518,0.8644517063616204,10:48.1
05-12-2025,110.41000366210938,111.87000274658205,110.22000122070312,111.68000030517578,111.68000030517578,1806300,PRU,-1.68E-05,0.000318227,0.001691934,-1.68E-05,0.005350782,-0.000928955,0.003178776,0.000619119,0.7279330891526272,0.8644280353468428,10:48.7
05-12-2025,139.7100067138672,142.52999877929688,139.22999572753906,139.36000061035156,139.36000061035156,2346000,PSX,0.00057813,0.000702348,0.0037651,0.001142516,0.003988274,-0.002616668,0.002994209,0.000595284,0.8612989434337037,0.9973948623611276,10:49.3
05-12-2025,174.74000549316406,177.25,174.5,174.80999755859375,174.80999755859375,8398900,QCOM,-0.001952092,-0.000227673,0.007483675,-0.001656966,-6.41E-05,-0.016662663,0.00303757,0.000634492,0.5922701340331968,0.7294212308610658,10:50.2
05-12-2025,259.8299865722656,260.25,256,257.6600036621094,257.6600036621094,2389900,RCL,0.000595751,0.001426159,0.001691934,0.002362301,-0.001532225,-0.054504052,0.003051354,0.00057293,0.716673421,0.9978974174430596,10:51.0
05-12-2025,723,736.1500244140625,717.2600098,718.3599853515625,718.3599853515625,798300,REGN,-0.000201095,-0.003610923,0.001691934,-0.000136851,-0.023935504,-6.25E-05,0.006412316,0.001365811,0.5904253892848952,0.7303693842434249,10:51.9
05-12-2025,356.75,368.7300109863281,356,368.4200134277344,368.4200134277344,850200,RL,4.5411146050389206e-05,-0.000639373,0.001691934,4.117679630311066e-05,0.000967635,-0.016507246,0.003711782,0.000700834,0.8586656415805729,0.8643087080816361,10:52.6
05-12-2025,403.5100098,406.0400085449219,401.5,404.2900085449219,404.2900085449219,780200,ROK,-0.000791042,-0.00035593,0.001691934,-0.001667961,-0.002768267,-0.003314432,0.004167517,0.000818548,0.5956390103052784,0.7309233686657776,10:53.3
05-12-2025,444.0799865722656,449.7000122070313,443.9700012207031,447.55999755859375,447.55999755859375,802200,ROP,-7.15E-05,0.000703135,0.001691934,-5.76E-05,0.001487303,-0.037141401,0.00336799,0.000595641,0.7205427367297166,0.8644368286774402,10:54.1
05-12-2025,177.47999572753906,177.94000244140625,176.02999877929688,177.8699951171875,177.8699951171875,2904200,ROST,0.000340743,0.000386927,0.001691934,0.000276502,0.002660592,-0.001037688,0.003459286,0.000673395,0.8618836173997304,0.9978177690884816,10:55.0
05-12-2025,214.17999267578125,217.19000244140625,213.75,216.52999877929688,216.52999877929688,1438000,RSG,2.701962981688233e-05,0.000216589,0.001691934,1.9680737734395493e-05,0.00423356,-0.010458356,0.003283128,0.000621091,0.8595782720525416,0.9977589269073688,10:55.7
05-12-2025,172,172,168.94000244140625,171.10000610351562,171.10000610351562,3032700,RTX,0.000101168,0.000182131,0.002167537,0.000142267,0.00150337,-0.00030353,0.003511166,0.000699526,0.8622638261209654,0.997653415,10:56.6
05-12-2025,84.91000366210938,86.51000213623047,84.80000305175781,85.12000274658203,85.12000274658203,9397600,SBUX,-0.000332975,0.000540629,0.001691934,-0.000245861,-0.00208798,-0.017439319,0.003699925,0.000728665,0.5921567943391756,0.8643831345021837,10:57.4
05-12-2025,94.69999695,95.62000274658205,93.79000091552734,93.81999969482422,93.81999969482422,9043200,SCHW,0.000291106,0.001044672,0.002899077,0.000353919,0.003816684,-0.001643181,0.003117194,0.000609359,0.8615225553416161,0.9975834203909896,10:58.0
05-12-2025,335.3699951171875,336.0100098,332.44000244140625,333.1099853515625,333.1099853515625,2011700,SHW,-3.58E-05,0.000543435,0.001691934,-3.02E-05,0.001400674,0.001452846,0.003485859,0.000702928,0.8623044777011288,0.8644386745771226,10:58.6
05-12-2025,99.51000213623048,100.4000015258789,99,100.11000061035156,100.11000061035156,942200,SJM,0.00016961,0.00062821,0.001805606,0.000595101,0.002678793,-0.014809713,0.003224027,0.000624062,0.8587782158512085,0.9977864650701346,10:59.5
05-12-2025,38.22999954223633,39,38.220001220703125,38.459999084472656,38.459999084472656,12578400,SLB,0.000373812,0.001005542,0.003599933,0.000757727,0.002896857,-0.002451003,0.003075321,0.000614794,0.8615513419420406,0.9974337544753196,11:00.3
05-12-2025,464.9800109863281,471.1199951171875,464.3699951171875,466.7600098,466.7600098,1494100,SNPS,-0.002494157,0.006769263,0.004313194,-0.005353687,0.020883694,0.028293559,0.00107557,0.00017051,0.8555327903131604,0.8628458749605037,11:01.0
05-12-2025,87.44000244140625,88.08999633789062,86.15000153,86.27999877929688,86.27999877929688,7255500,SO,-0.000274058,0.000631146,0.004032603,-0.000235425,0.001955769,-0.002614691,0.003221308,0.000645821,0.7283830139576122,0.863872121,11:01.6
05-12-2025,494.55999755859375,501.7399902,494.55999755859375,498.5199890136719,498.5199890136719,1833200,SPGI,-0.00051816,0.000279092,0.001691934,-0.000379549,0.001635435,0.004669689,0.003428778,0.000714954,0.861612315,0.8643409050604397,11:02.5
05-12-2025,90.22000122070312,91.12000274658205,89.76999664,90.66000366210938,90.66000366210938,3395000,SRE,-0.000104182,-8.96E-05,0.001691934,-7.83E-05,-0.002314424,-0.002250258,0.003904345,0.000791835,0.5954620296106947,0.7310427976815875,11:03.1
05-12-2025,365.5199890136719,368.2399902,361.9500122070313,364.0199890136719,364.0199890136719,1415600,SYK,-1.79E-05,0.000690009,0.001691934,-1.35E-05,0.002566995,-0.004735442,0.003347594,0.000657381,0.7278072190739191,0.8644469286449903,11:03.7
05-12-2025,73.25,73.94000244140625,73.06999969482422,73.09999847,73.09999847,3181500,SYY,9.27513972002192e-05,0.000920978,0.001691934,9.766106611786007e-05,0.003689231,-0.003225674,0.003222844,0.00062991,0.8612399358733513,0.9978044623512332,11:04.5
05-12-2025,25.36000061035156,25.63999938964844,25.25,25.280000686645508,25.280000686645508,28069500,T,-0.000782716,0.002028154,0.001691934,-0.000557754,0.007694756,-0.001223037,0.00252021,0.000517528,0.7272945818570968,0.8641715280691203,11:05.3
05-12-2025,47.38999938964844,47.880001068115234,47.29999923706055,47.52999877929688,47.52999877929688,5196700,TFC,-0.000222807,-0.000275529,0.001691934,-0.000162821,0.000799747,-0.002426966,0.003641658,0.000730619,0.7286391177624949,0.7310068540129285,11:06.2
05-12-2025,91.55000305,92.69000244140624,90.84999847,92.19000244140624,92.19000244140624,5897900,TGT,0.00087555,0.001654183,0.003347455,0.000640618,-0.00010768,-0.014172868,0.003445128,0.000636383,0.7259307254986094,0.9976153221488254,11:07.2
05-12-2025,150.0800018310547,153.33999633789062,149.9499969482422,153.27999877929688,153.27999877929688,6075200,TJX,0.000126876,-0.000172979,0.001691934,9.190286588323104e-05,0.000918151,-0.000226156,0.003682123,0.000730238,0.862406793,0.8643889177932865,11:08.1
05-12-2025,578,579.0900268554688,569.6199951171875,572.7700195,572.7700195,1873700,TMO,-2.52E-05,-0.000196829,0.001691934,-1.86E-05,-0.004988418,0.003246651,0.004182736,0.0008664,0.7276272548284881,0.731038048,11:09.0
05-12-2025,282.07000732421875,282.92999267578125,279.6400146484375,280.8900146484375,280.8900146484375,1287300,TRV,3.138479022446461e-05,-0.000164974,0.001691934,5.504142924284139e-05,0.002514301,-0.006395546,0.003501805,0.000679619,0.8607762861278292,0.8643812945999514,11:09.7
05-12-2025,56.02000045776367,56.97999954223633,55.81999969482422,56.91999816894531,56.91999816894531,3435300,TSN,0.00140661,-0.00049655,0.001691934,0.000989124,-0.001033853,-0.005784302,0.004147454,0.000765751,0.7278990062789346,0.8643121794571192,11:10.6
05-12-2025,180.8699951171875,184.75999450683597,180.6300048828125,182.5399932861328,182.5399932861328,6584600,TXN,-0.001485711,0.000903565,0.004550373,-0.00109308,0.009327226,-0.007661281,0.00224996,0.000461208,0.7258414192555291,0.8635594986261144,11:11.3
05-12-2025,83.06999969482422,83.54000091552734,82.23000336,83.47000122070312,83.47000122070312,1910200,TXT,-0.000442972,-0.000585793,0.001691934,-0.001762532,-0.003411811,-0.007486694,0.004419004,0.000831308,0.5947811342776415,0.730943776,11:12.1
05-12-2025,104.3499984741211,105.62999725341795,103.04000091552734,104.9499969482422,104.9499969482422,6375300,UAL,0.000172997,0.001714207,0.004607195,0.000119484,0.003286434,-0.008634536,0.002935481,0.000560033,0.8601395910253402,0.9972133973403916,11:12.8
05-12-2025,578.9500122070312,611.9000244140625,575,601.5,601.5,3392600,ULTA,1.7631977028864654e-05,0.002417063,0.001691934,1.9654341529395936e-05,0.012005987,-0.001418818,0.002222375,0.000412098,0.859656723,0.997628862,11:13.4
05-12-2025,335,335.7099914550781,328.5100098,330.9100036621094,330.9100036621094,5896400,UNH,0.000320829,0.00205262,0.006874554,0.000604345,-0.001204585,0.012298721,0.003079377,0.000664789,0.8596731725332707,0.9967481278387004,11:14.2
05-12-2025,235.75999450683597,237.07000732421875,234.97999572753903,235.30999755859372,235.30999755859372,2494700,UNP,-0.000267232,0.000237904,0.001691934,-0.000201478,0.002596979,-0.001006666,0.00338861,0.000680544,0.7285434816787599,0.8643825079030755,11:15.0
05-12-2025,95,95.84999847,94.58000183105467,94.87000274658205,94.87000274658205,5521900,UPS,2.223271338852584e-05,-9.30E-05,0.001691934,2.249636806506139e-05,-0.002813247,-0.009691974,0.003955133,0.000782916,0.7272833661046276,0.8643899385588221,11:15.5
05-12-2025,810,813.9099731445312,794.5200195,796.9099731445312,796.9099731445312,697500,URI,8.007284342514964e-05,0.00093579,0.001691934,0.000143351,-0.007887855,-0.040836088,0.004143897,0.000778127,0.7206035785311686,0.9978017384979764,11:16.5
05-12-2025,51.16999816894531,51.77999877929688,51.119998931884766,51.25999832,51.25999832,7693500,USB,-0.000307842,0.000513448,0.001691934,-0.000218302,0.00475305,-0.002161679,0.003136955,0.00062308,0.727862832,0.8643873865723338,11:17.4
05-12-2025,326.8299865722656,334.1099853515625,326.3999938964844,331.2399902,331.2399902,5266600,V,-0.00038337,2.0084498828509822e-05,0.001691934,-0.000274647,0.000604408,-0.001925811,0.003575695,0.000727342,0.7287905962185013,0.8643486009095973,11:18.2
05-12-2025,174.9499969482422,178.10000610351562,174,174.13999938964844,174.13999938964844,2202900,VLO,-4.07E-05,0.001111494,0.004422264,-4.06E-05,-0.000616618,-0.004283028,0.003367924,0.000675895,0.5950434623455677,0.863853351,11:18.8
05-12-2025,457.7799987792969,462,454.4599914550781,455.4800109863281,455.4800109863281,911400,VRTX,-0.0001983,-0.000367488,0.001691934,-0.000161892,0.001354364,-0.003307192,0.003617038,0.000719387,0.7283456504503953,0.7309977685769069,11:19.5
05-12-2025,41.25999832,42.060001373291016,41.24000168,41.68999862670898,41.68999862670898,27795500,VZ,-0.000453415,0.001028053,0.001691934,-0.000314986,0.006345458,-0.001002854,0.002877992,0.000576651,0.7276630448579218,0.8643494268504779,11:20.3
05-12-2025,106.55999755859376,106.83000183105467,105.62999725341795,105.70999908447266,105.70999908447266,2530600,WEC,-0.000219369,-0.000258871,0.001691934,-0.000178378,-0.001172484,-0.011570603,0.003799409,0.000748567,0.5934183292641769,0.7310092730825571,11:21.2
05-12-2025,89.98999786376953,91.11000061035156,89.55000305175781,89.83000183105469,89.83000183105469,11210400,WFC,-0.000574886,0.000875736,0.00196838,-0.000563223,0.004814292,-0.000739174,0.00304368,0.000612546,0.7280290642471698,0.8642771061771337,11:22.4
05-12-2025,213.07000732421875,215.38999938964844,212.91000366210935,213.5800018310547,213.5800018310547,1277300,WM,-9.39E-05,0.001047688,0.001691934,-7.73E-05,0.005459112,-0.005199434,0.003017445,0.000583775,0.7271476966551471,0.8644284705437724,11:23.1
05-12-2025,63.65999984741211,63.880001068115234,62.77999877929688,62.810001373291016,62.810001373291016,7578900,WMB,-9.31E-05,0.000438206,0.002447964,-6.87E-05,0.002325244,-0.02801035,0.003303789,0.000599009,0.7225226113764074,0.8642508468403878,11:23.8
05-12-2025,114.7300033569336,116.2699966430664,114.68000030517578,115.11000061035156,115.11000061035156,23952600,WMT,7.019914092021296e-06,0.00155545,0.001691934,7.021909136817328e-06,0.008058159,-0.001365125,0.002722023,0.000522667,0.8605780769474594,0.9977489722508206,11:24.4
05-12-2025,125.8000030517578,126.9000015258789,124.80999755859376,125.51000213623048,125.51000213623048,856000,WYNN,0.000340266,0.002148089,0.00314132,0.000703195,-0.000665627,-0.012339748,0.003197041,0.000637313,0.7264052033559749,0.997551656,11:25.1
05-12-2025,77.72000122070312,77.94999694824219,76.98000336,77.18000030517578,77.18000030517578,3563000,XEL,-0.000710333,-5.35E-05,0.001691934,-0.000536448,0.00229551,-0.002140858,0.003386117,0.000693576,0.7283991064977478,0.7309577348437084,11:25.8
05-12-2025,116.75,118.77999877929688,116.41000366210938,116.54000091552734,116.54000091552734,12512700,XOM,0.000171221,0.001136432,0.001936872,0.000167156,0.003385014,0.000698973,0.003213358,0.000636487,0.9952779382582762,0.9977700764836936,11:26.7
05-12-2025,145.88999938964844,146.9600067138672,144.91000366210938,144.9600067138672,144.9600067138672,2503200,YUM,-9.63E-05,0.000554575,0.001691934,-6.59E-05,-0.00021298,-0.01114235,0.003587152,0.000704209,0.5934009499145991,0.8644281904666138,11:27.5
05-12-2025,120.79000091552734,121.33000183105467,118.47000122070312,118.6500015258789,118.6500015258789,4279500,ZTS,-1.85E-05,-0.003014519,0.001691934,-1.73E-05,-0.012327152,-0.023464765,0.00527985,0.001038653,0.5912383839167122,0.7304933972141039,11:28.1
