date,open,high,low,close,adj_close,volume,ticker,arima_1d,prophet_1d,xgb_1d,lstm_1d,arima_5d,prophet_5d,xgb_5d,lstm_5d,meta_pred_5d,confidence,created_at
1/2/2025,248.92999267578125,249.10000610351562,241.82000732421875,243.85000610351562,242.7521209716797,55740700,AAPL,,,,,,,,,,,
1/3/2025,243.36000061035156,244.17999267578125,241.88999938964844,243.36000061035156,242.26431274414062,40244100,AAPL,,,,,,,,,,,
1/6/2025,244.30999755859375,247.3300018310547,243.1999969482422,245,243.89691162109375,45045600,AAPL,,,,,,,,,,,
1/7/2025,242.97999572753906,245.5500030517578,241.35000610351562,242.2100067138672,241.11949157714844,40856000,AAPL,,,,,,,,,,,
1/8/2025,241.9199981689453,243.7100067138672,240.0500030517578,242.6999969482422,241.6072540283203,37628900,AAPL,,,,,,,,,,,
1/10/2025,240.00999450683594,240.16000366210938,233,236.85000610351562,235.7836151123047,61710900,AAPL,,,,,,,,,,,
1/13/2025,233.52999877929688,234.6699981689453,229.72000122070312,234.39999389648438,233.34463500976562,49630700,AAPL,,,,,,,,,,,
1/14/2025,234.75,236.1199951171875,232.47000122070312,233.27999877929688,232.22967529296875,39435300,AAPL,,,,,,,,,,,
1/15/2025,234.63999938964844,238.9600067138672,234.42999267578125,237.8699951171875,236.7989959716797,39832000,AAPL,,,,,,,,,,,
1/16/2025,237.35000610351562,238.00999450683594,228.02999877929688,228.25999450683594,227.2322998046875,71759100,AAPL,,,,,,,,,,,
1/17/2025,232.1199951171875,232.2899932861328,228.47999572753906,229.97999572753906,228.9445343017578,68488300,AAPL,,,,,,,,,,,
1/21/2025,224,224.4199981689453,219.3800048828125,222.63999938964844,221.63758850097656,98070400,AAPL,,,,,,,,,,,
1/22/2025,219.7899932861328,224.1199951171875,219.7899932861328,223.8300018310547,222.8222198486328,64126500,AAPL,,,,,,,,,,,
1/23/2025,224.74000549316406,227.02999877929688,222.3000030517578,223.66000366210938,222.6529998779297,60234800,AAPL,,,,,,,,,,,
1/24/2025,224.77999877929688,225.6300048828125,221.41000366210938,222.77999877929688,221.77694702148438,54697900,AAPL,,,,,,,,,,,
1/27/2025,224.02000427246094,232.14999389648438,223.97999572753906,229.86000061035156,228.82508850097656,94863400,AAPL,,,,,,,,,,,
1/28/2025,230.85000610351562,240.19000244140625,230.80999755859375,238.25999450683594,237.1872559,75707600,AAPL,,,,,,,,,,,
1/29/2025,234.1199951171875,239.86000061035156,234.00999450683594,239.36000061035156,238.28231811523438,45486100,AAPL,,,,,,,,,,,
1/30/2025,238.6699981689453,240.7899932861328,237.2100067138672,237.58999633789062,236.5202637,55658300,AAPL,,,,,,,,,,,
1/31/2025,247.19000244140625,247.19000244140625,233.44000244140625,236,234.93743896484375,100959800,AAPL,,,,,,,,,,,
2/3/2025,229.99000549316406,231.8300018310547,225.6999969482422,228.00999450683594,226.98341369628906,73063300,AAPL,,,,,,,,,,,
2/4/2025,227.25,233.1300048828125,226.64999389648438,232.8000030517578,231.75184631347656,45067300,AAPL,,,,,,,,,,,
2/5/2025,228.52999877929688,232.6699981689453,228.27000427246094,232.47000122070312,231.42332458496094,39620300,AAPL,,,,,,,,,,,
2/6/2025,231.2899932861328,233.8000030517578,230.42999267578125,233.22000122070312,232.16995239257812,29925300,AAPL,,,,,,,,,,,
2/7/2025,232.60000610351562,234,227.25999450683594,227.6300048828125,226.60511779785156,39707200,AAPL,,,,,,,,,,,
2/10/2025,229.57000732421875,230.58999633789062,227.1999969482422,227.64999389648438,226.8741912841797,33115600,AAPL,,,,,,,,,,,
2/11/2025,228.1999969482422,235.22999572753906,228.1300048828125,232.6199951171875,231.8272705078125,53718400,AAPL,,,,,,,,,,,
2/12/2025,231.1999969482422,236.9600067138672,230.67999267578125,236.8699951171875,236.06277465820312,45243300,AAPL,,,,,,,,,,,
2/13/2025,236.91000366210938,242.33999633789062,235.57000732421875,241.52999877929688,240.70689392089844,53614100,AAPL,,,,,,,,,,,
2/14/2025,241.25,245.5500030517578,240.99000549316406,244.60000610351562,243.76644897460938,40896200,AAPL,,,,,,,,,,,
2/18/2025,244.14999389648438,245.17999267578125,241.83999633789062,244.47000122070312,243.6368865966797,48822500,AAPL,,,,,,,,,,,
2/19/2025,244.66000366210938,246.00999450683594,243.16000366210938,244.8699951171875,244.03550720214844,32204200,AAPL,,,,,,,,,,,
2/20/2025,244.94000244140625,246.77999877929688,244.2899932861328,245.8300018310547,244.99224853515625,32316900,AAPL,,,,,,,,,,,
2/21/2025,245.9499969482422,248.69000244140625,245.22000122070312,245.5500030517578,244.71319580078125,53197400,AAPL,,,,,,,,,,,
2/24/2025,244.92999267578125,248.86000061035156,244.4199981689453,247.10000610351562,246.25791931152344,51326400,AAPL,,,,,,,,,,,
2/25/2025,248,250,244.91000366210938,247.0399932861328,246.1981201171875,48013300,AAPL,,,,,,,,,,,
2/26/2025,244.3300018310547,244.97999572753906,239.1300048828125,240.36000061035156,239.5408935546875,44433600,AAPL,,,,,,,,,,,
2/27/2025,239.41000366210938,242.4600067138672,237.05999755859375,237.3000030517578,236.49131774902344,41153600,AAPL,,,,,,,,,,,
2/28/2025,236.9499969482422,242.08999633789062,230.1999969482422,241.83999633789062,241.01583862304688,56833400,AAPL,,,,,,,,,,,
3/3/2025,241.7899932861328,244.02999877929688,236.11000061035156,238.02999877929688,237.2188262939453,47184000,AAPL,,,,,,,,,,,
3/4/2025,237.7100067138672,240.07000732421875,234.67999267578125,235.92999267578125,235.1259766,53798100,AAPL,,,,,,,,,,,
3/5/2025,235.4199981689453,236.5500030517578,229.22999572753906,235.74000549316406,234.93663024902344,47227600,AAPL,,,,,,,,,,,
3/6/2025,234.44000244140625,237.86000061035156,233.16000366210938,235.3300018310547,234.52804565429688,45170400,AAPL,,,,,,,,,,,
3/7/2025,235.11000061035156,241.3699951171875,234.75999450683594,239.07000732421875,238.2552947998047,46273600,AAPL,,,,,,,,,,,
3/10/2025,235.5399932861328,236.16000366210938,224.22000122070312,227.47999572753906,226.70477294921875,72071200,AAPL,,,,,,,,,,,
3/11/2025,223.80999755859375,225.83999633789062,217.4499969482422,220.83999633789062,220.0874023,76137400,AAPL,,,,,,,,,,,
3/12/2025,220.13999938964844,221.75,214.91000366210938,216.97999572753906,216.2405548095703,62547500,AAPL,,,,,,,,,,,
3/13/2025,215.9499969482422,216.83999633789062,208.4199981689453,209.67999267578125,208.96542358398438,61368300,AAPL,,,,,,,,,,,
3/14/2025,211.25,213.9499969482422,209.5800018310547,213.49000549316406,212.7624512,60107600,AAPL,,,,,,,,,,,
3/17/2025,213.30999755859375,215.22000122070312,209.97000122070312,214,213.2707061767578,48073400,AAPL,,,,,,,,,,,
3/18/2025,214.16000366210938,215.14999389648438,211.49000549316406,212.69000244140625,211.96519470214844,42432400,AAPL,,,,,,,,,,,
3/19/2025,214.22000122070312,218.75999450683594,213.75,215.24000549316406,214.50648498535156,54385400,AAPL,,,,,,,,,,,
3/20/2025,213.99000549316406,217.49000549316406,212.22000122070312,214.10000610351562,213.37039184570312,48862900,AAPL,,,,,,,,,,,
3/21/2025,211.55999755859375,218.83999633789062,211.27999877929688,218.27000427246094,217.5261688232422,94127800,AAPL,,,,,,,,,,,
3/24/2025,221,221.47999572753906,218.5800018310547,220.72999572753906,219.97776794433594,44299500,AAPL,,,,,,,,,,,
3/25/2025,220.77000427246094,224.10000610351562,220.0800018310547,223.75,222.98748779296875,34493600,AAPL,,,,,,,,,,,
3/26/2025,223.50999450683594,225.02000427246094,220.47000122070312,221.52999877929688,220.77505493164062,34466100,AAPL,,,,,,,,,,,
3/27/2025,221.38999938964844,224.99000549316406,220.55999755859375,223.85000610351562,223.08717346191406,37094800,AAPL,,,,,,,,,,,
3/28/2025,221.6699981689453,223.80999755859375,217.67999267578125,217.89999389648438,217.1574249267578,39818600,AAPL,,,,,,,,,,,
3/31/2025,217.00999450683594,225.6199951171875,216.22999572753906,222.1300048828125,221.37301635742188,65299300,AAPL,,,,,,,,,,,
4/1/2025,219.80999755859375,223.67999267578125,218.89999389648438,223.19000244140625,222.4293975830078,36412700,AAPL,,,,,,,,,,,
4/2/2025,221.32000732421875,225.19000244140625,221.02000427246094,223.88999938964844,223.12701416015625,35905900,AAPL,,,,,,,,,,,
4/3/2025,205.5399932861328,207.49000549316406,201.25,203.19000244140625,202.49754333496094,103419000,AAPL,,,,,,,,,,,
4/4/2025,193.88999938964844,199.8800048828125,187.33999633789062,188.3800048828125,187.7380371,125910900,AAPL,,,,,,,,,,,
4/7/2025,177.1999969482422,194.14999389648438,174.6199951171875,181.4600067138672,180.84161376953125,160466300,AAPL,,,,,,,,,,,
4/8/2025,186.6999969482422,190.33999633789062,169.2100067138672,172.4199981689453,171.83241271972656,120859500,AAPL,,,,,,,,,,,
4/9/2025,171.9499969482422,200.61000061035156,171.88999938964844,198.85000610351562,198.1723633,184395900,AAPL,,,,,,,,,,,
4/10/2025,189.07000732421875,194.77999877929688,183,190.4199981689453,189.7710723876953,121880000,AAPL,,,,,,,,,,,
4/11/2025,186.10000610351562,199.5399932861328,186.05999755859375,198.14999389648438,197.4747314453125,87435900,AAPL,,,,,,,,,,,
4/14/2025,211.44000244140625,212.94000244140625,201.16000366210938,202.52000427246094,201.82984924316406,101352900,AAPL,,,,,,,,,,,
4/15/2025,201.86000061035156,203.50999450683594,199.8000030517578,202.13999938964844,201.4511260986328,51343900,AAPL,,,,,,,,,,,
4/16/2025,198.36000061035156,200.6999969482422,192.3699951171875,194.27000427246094,193.6079559326172,59732400,AAPL,,,,,,,,,,,
4/17/2025,197.1999969482422,198.8300018310547,194.4199981689453,196.97999572753906,196.3087158203125,52164700,AAPL,,,,,,,,,,,
4/21/2025,193.27000427246094,193.8000030517578,189.80999755859375,193.16000366210938,192.50173950195312,46742500,AAPL,,,,,,,,,,,
4/22/2025,196.1199951171875,201.58999633789062,195.97000122070312,199.74000549316406,199.0593262,52976400,AAPL,,,,,,,,,,,
4/23/2025,206,208,202.8000030517578,204.60000610351562,203.9027557373047,52929200,AAPL,,,,,,,,,,,
4/24/2025,204.88999938964844,208.8300018310547,202.94000244140625,208.3699951171875,207.6599121,47311000,AAPL,,,,,,,,,,,
4/25/2025,206.3699951171875,209.75,206.1999969482422,209.27999877929688,208.56680297851562,38222300,AAPL,,,,,,,,,,,
4/28/2025,210,211.5,207.4600067138672,210.13999938964844,209.4238739013672,38743100,AAPL,,,,,,,,,,,
4/29/2025,208.69000244140625,212.24000549316406,208.3699951171875,211.2100067138672,210.4902344,36827600,AAPL,,,,,,,,,,,
4/30/2025,209.3000030517578,213.5800018310547,206.6699981689453,212.5,211.7758331298828,52286500,AAPL,,,,,,,,,,,
5/1/2025,209.0800018310547,214.55999755859375,208.89999389648438,213.32000732421875,212.59304809570312,57365700,AAPL,,,,,,,,,,,
5/2/2025,206.08999633789062,206.99000549316406,202.16000366210938,205.35000610351562,204.6501922607422,101010600,AAPL,,,,,,,,,,,
5/5/2025,203.10000610351562,204.10000610351562,198.2100067138672,198.88999938964844,198.21221923828125,69018500,AAPL,,,,,,,,,,,
5/6/2025,198.2100067138672,200.64999389648438,197.02000427246094,198.50999450683594,197.8334961,51216500,AAPL,,,,,,,,,,,
5/7/2025,199.1699981689453,199.44000244140625,193.25,196.25,195.58120727539062,68536700,AAPL,,,,,,,,,,,
5/8/2025,197.72000122070312,200.0500030517578,194.67999267578125,197.49000549316406,196.81698608398438,50478900,AAPL,,,,,,,,,,,
5/9/2025,199,200.5399932861328,197.5399932861328,198.52999877929688,197.8534393310547,36453900,AAPL,,,,,,,,,,,
5/12/2025,210.97000122070312,211.27000427246094,206.75,210.7899932861328,210.34713745117188,63775800,AAPL,,,,,,,,,,,
5/13/2025,210.42999267578125,213.39999389648438,209,212.92999267578125,212.48263549804688,51909300,AAPL,,,,,,,,,,,
5/14/2025,212.42999267578125,213.94000244140625,210.5800018310547,212.3300018310547,211.88389587402344,49325800,AAPL,,,,,,,,,,,
5/15/2025,210.9499969482422,212.9600067138672,209.5399932861328,211.4499969482422,211.00575256347656,45029500,AAPL,,,,,,,,,,,
5/16/2025,212.36000061035156,212.57000732421875,209.77000427246094,211.25999450683594,210.81614685058594,54737900,AAPL,,,,,,,,,,,
5/19/2025,207.91000366210938,209.47999572753906,204.25999450683594,208.77999877929688,208.3413543701172,46140500,AAPL,,,,,,,,,,,
5/20/2025,207.6699981689453,208.47000122070312,205.02999877929688,206.86000061035156,206.42539978027344,42496600,AAPL,,,,,,,,,,,
5/21/2025,205.1699981689453,207.0399932861328,200.7100067138672,202.08999633789062,201.6654052734375,59211800,AAPL,,,,,,,,,,,
5/22/2025,200.7100067138672,202.75,199.6999969482422,201.36000061035156,200.9369354248047,46742400,AAPL,,,,,,,,,,,
5/23/2025,193.6699981689453,197.6999969482422,193.4600067138672,195.27000427246094,194.85975646972656,78432900,AAPL,,,,,,,,,,,
5/27/2025,198.3000030517578,200.74000549316406,197.42999267578125,200.2100067138672,199.78936767578125,56288500,AAPL,,,,,,,,,,,
5/28/2025,200.58999633789062,202.72999572753906,199.89999389648438,200.4199981689453,199.99891662597656,45339700,AAPL,,,,,,,,,,,
5/29/2025,203.5800018310547,203.80999755859375,198.50999450683594,199.9499969482422,199.5299072265625,51396800,AAPL,,,,,,,,,,,
5/30/2025,199.3699951171875,201.9600067138672,196.77999877929688,200.85000610351562,200.4280242919922,70819900,AAPL,,,,,,,,,,,
6/2/2025,200.27999877929688,202.1300048828125,200.1199951171875,201.6999969482422,201.27622985839844,35423300,AAPL,,,,,,,,,,,
6/3/2025,201.35000610351562,203.77000427246094,200.9600067138672,203.27000427246094,202.84292602539062,46381600,AAPL,,,,,,,,,,,
6/4/2025,202.91000366210938,206.24000549316406,202.10000610351562,202.82000732421875,202.39389038085938,43604000,AAPL,,,,,,,,,,,
6/5/2025,203.5,204.75,200.14999389648438,200.6300048828125,200.2084961,55126100,AAPL,,,,,,,,,,,
6/6/2025,203,205.6999969482422,202.0500030517578,203.9199981689453,203.49156188964844,46607700,AAPL,,,,,,,,,,,
6/9/2025,204.38999938964844,206,200.02000427246094,201.4499969482422,201.02676391601562,72862600,AAPL,,,,,,,,,,,
6/10/2025,200.60000610351562,204.35000610351562,200.57000732421875,202.6699981689453,202.2441864013672,54672600,AAPL,,,,,,,,,,,
6/11/2025,203.5,204.5,198.41000366210938,198.77999877929688,198.36236572265625,60989900,AAPL,,,,,,,,,,,
6/12/2025,199.0800018310547,199.67999267578125,197.36000061035156,199.1999969482422,198.78147888183594,43904600,AAPL,,,,,,,,,,,
6/13/2025,199.72999572753906,200.3699951171875,195.6999969482422,196.4499969482422,196.03726196289062,51447300,AAPL,,,,,,,,,,,
6/16/2025,197.3000030517578,198.69000244140625,196.55999755859375,198.4199981689453,198.0031280517578,43020700,AAPL,,,,,,,,,,,
6/17/2025,197.1999969482422,198.38999938964844,195.2100067138672,195.63999938964844,195.2289581298828,38856200,AAPL,,,,,,,,,,,
6/18/2025,195.94000244140625,197.57000732421875,195.07000732421875,196.5800018310547,196.16697692871094,45394700,AAPL,,,,,,,,,,,
6/20/2025,198.24000549316406,201.6999969482422,196.86000061035156,201,200.57769775390625,96813500,AAPL,,,,,,,,,,,
6/23/2025,201.6300048828125,202.3000030517578,198.9600067138672,201.5,201.0766602,55814300,AAPL,,,,,,,,,,,
6/24/2025,202.58999633789062,203.44000244140625,200.1999969482422,200.3000030517578,199.87918090820312,54064000,AAPL,,,,,,,,,,,
6/25/2025,201.4499969482422,203.6699981689453,200.6199951171875,201.55999755859375,201.13653564453125,39525700,AAPL,,,,,,,,,,,
6/26/2025,201.42999267578125,202.63999938964844,199.4600067138672,201,200.57769775390625,50799100,AAPL,,,,,,,,,,,
6/27/2025,201.88999938964844,203.22000122070312,200,201.0800018310547,200.65753173828125,73188600,AAPL,,,,,,,,,,,
6/30/2025,202.00999450683594,207.38999938964844,199.25999450683594,205.1699981689453,204.7389373779297,91912800,AAPL,,,,,,,,,,,
7/1/2025,206.6699981689453,210.19000244140625,206.13999938964844,207.82000732421875,207.3833770751953,78788900,AAPL,,,,,,,,,,,
7/2/2025,208.91000366210938,213.33999633789062,208.13999938964844,212.44000244140625,211.99366760253906,67941800,AAPL,,,,,,,,,,,
7/3/2025,212.14999389648438,214.64999389648438,211.80999755859375,213.5500030517578,213.10134887695312,34955800,AAPL,,,,,,,,,,,
7/7/2025,212.67999267578125,216.22999572753906,208.8000030517578,209.9499969482422,209.50889587402344,50229000,AAPL,,,,,,,,,,,
7/8/2025,210.10000610351562,211.42999267578125,208.4499969482422,210.00999450683594,209.5687713623047,42848900,AAPL,,,,,,,,,,,
7/9/2025,209.52999877929688,211.3300018310547,207.22000122070312,211.13999938964844,210.69639587402344,48749400,AAPL,,,,,,,,,,,
7/10/2025,210.50999450683594,213.47999572753906,210.02999877929688,212.41000366210938,211.96372985839844,44443600,AAPL,,,,,,,,,,,
7/11/2025,210.57000732421875,212.1300048828125,209.86000061035156,211.16000366210938,210.7163543701172,39765800,AAPL,,,,,,,,,,,
7/14/2025,209.92999267578125,210.91000366210938,207.5399932861328,208.6199951171875,208.1816864013672,38840100,AAPL,,,,,,,,,,,
7/15/2025,209.22000122070312,211.88999938964844,208.9199981689453,209.11000061035156,208.67066955566406,42296300,AAPL,,,,,,,,,,,
7/16/2025,210.3000030517578,212.39999389648438,208.63999938964844,210.16000366210938,209.71847534179688,47490500,AAPL,,,,,,,,,,,
7/17/2025,210.57000732421875,211.8000030517578,209.58999633789062,210.02000427246094,209.57875061035156,48068100,AAPL,,,,,,,,,,,
7/18/2025,210.8699951171875,211.7899932861328,209.6999969482422,211.17999267578125,210.73631286621094,48974600,AAPL,,,,,,,,,,,
7/21/2025,212.10000610351562,215.77999877929688,211.6300048828125,212.47999572753906,212.0335693359375,51377400,AAPL,,,,,,,,,,,
7/22/2025,213.13999938964844,214.9499969482422,212.22999572753906,214.39999389648438,213.94955444335938,46404100,AAPL,,,,,,,,,,,
7/23/2025,215,215.14999389648438,212.41000366210938,214.14999389648438,213.7000732421875,46989300,AAPL,,,,,,,,,,,
7/24/2025,213.89999389648438,215.69000244140625,213.52999877929688,213.75999450683594,213.31088256835938,46022600,AAPL,,,,,,,,,,,
7/25/2025,214.6999969482422,215.24000549316406,213.39999389648438,213.8800048828125,213.43064880371094,40268800,AAPL,,,,,,,,,,,
7/28/2025,214.02999877929688,214.85000610351562,213.05999755859375,214.0500030517578,213.6002960205078,37858000,AAPL,,,,,,,,,,,
7/29/2025,214.17999267578125,214.80999755859375,210.82000732421875,211.27000427246094,210.8261260986328,51411700,AAPL,,,,,,,,,,,
7/30/2025,211.89999389648438,212.38999938964844,207.72000122070312,209.0500030517578,208.6107940673828,45512500,AAPL,,,,,,,,,,,
7/31/2025,208.49000549316406,209.83999633789062,207.16000366210938,207.57000732421875,207.1339111328125,80698400,AAPL,,,,,,,,,,,
8/1/2025,210.8699951171875,213.5800018310547,201.5,202.3800048828125,201.95481872558594,104434500,AAPL,,,,,,,,,,,
8/4/2025,204.50999450683594,207.8800048828125,201.67999267578125,203.35000610351562,202.9227752685547,75109300,AAPL,,,,,,,,,,,
8/5/2025,203.39999389648438,205.33999633789062,202.16000366210938,202.9199981689453,202.49366760253906,44155100,AAPL,,,,,,,,,,,
8/6/2025,205.6300048828125,215.3800048828125,205.58999633789062,213.25,212.80197143554688,108483100,AAPL,,,,,,,,,,,
8/7/2025,218.8800048828125,220.85000610351562,216.5800018310547,220.02999877929688,219.56771850585938,90224800,AAPL,,,,,,,,,,,
8/8/2025,220.8300018310547,231,219.25,229.35000610351562,228.86814880371094,113854000,AAPL,,,,,,,,,,,
8/11/2025,227.9199981689453,229.55999755859375,224.75999450683594,227.17999267578125,226.95997619628906,61806100,AAPL,,,,,,,,,,,
8/12/2025,228.00999450683594,230.8000030517578,227.07000732421875,229.64999389648438,229.42758178710938,55626200,AAPL,,,,,,,,,,,
8/13/2025,231.07000732421875,235,230.42999267578125,233.3300018310547,233.10403442382812,69878500,AAPL,,,,,,,,,,,
8/14/2025,234.05999755859375,235.1199951171875,230.85000610351562,232.77999877929688,232.5545654296875,51916300,AAPL,,,,,,,,,,,
8/15/2025,234,234.27999877929688,229.33999633789062,231.58999633789062,231.36570739746094,56038700,AAPL,,,,,,,,,,,
8/18/2025,231.6999969482422,233.1199951171875,230.11000061035156,230.88999938964844,230.66639709472656,37476200,AAPL,,,,,,,,,,,
8/19/2025,231.27999877929688,232.8699951171875,229.35000610351562,230.55999755859375,230.3367156982422,39402600,AAPL,,,,,,,,,,,
8/20/2025,229.97999572753906,230.47000122070312,225.77000427246094,226.00999450683594,225.79110717773438,42263900,AAPL,,,,,,,,,,,
8/21/2025,226.27000427246094,226.52000427246094,223.77999877929688,224.89999389648438,224.68218994140625,30621200,AAPL,,,,,,,,,,,
8/22/2025,226.1699981689453,229.08999633789062,225.41000366210938,227.75999450683594,227.53941345214844,42477800,AAPL,,,,,,,,,,,
8/25/2025,226.47999572753906,229.3000030517578,226.22999572753906,227.16000366210938,226.94000244140625,30983100,AAPL,,,,,,,,,,,
8/26/2025,226.8699951171875,229.49000549316406,224.69000244140625,229.30999755859375,229.08792114257812,54575100,AAPL,,,,,,,,,,,
8/27/2025,228.61000061035156,230.89999389648438,228.25999450683594,230.49000549316406,230.26678466796875,31259500,AAPL,,,,,,,,,,,
8/28/2025,230.82000732421875,233.41000366210938,229.33999633789062,232.55999755859375,232.33477783203125,38074700,AAPL,,,,,,,,,,,
8/29/2025,232.50999450683594,233.3800048828125,231.3699951171875,232.13999938964844,231.91517639160156,39418400,AAPL,,,,,,,,,,,
9/2/2025,229.25,230.85000610351562,226.97000122070312,229.72000122070312,229.49752807617188,44075600,AAPL,,,,,,,,,,,
9/3/2025,237.2100067138672,238.85000610351562,234.36000061035156,238.47000122070312,238.2390594482422,66427800,AAPL,,,,,,,,,,,
9/4/2025,238.4499969482422,239.89999389648438,236.74000549316406,239.77999877929688,239.5477752685547,47549400,AAPL,,,,,,,,,,,
9/5/2025,240,241.32000732421875,238.49000549316406,239.69000244140625,239.45787048339844,54870400,AAPL,,,,,,,,,,,
9/8/2025,239.3000030517578,240.14999389648438,236.33999633789062,237.8800048828125,237.64962768554688,48999500,AAPL,,,,,,,,,,,
9/9/2025,237,238.77999877929688,233.36000061035156,234.35000610351562,234.1230469,66313900,AAPL,,,,,,,,,,,
9/10/2025,232.19000244140625,232.4199981689453,225.9499969482422,226.7899932861328,226.5703582763672,83440800,AAPL,,,,,,,,,,,
9/11/2025,226.8800048828125,230.4499969482422,226.64999389648438,230.02999877929688,229.80722045898438,50208600,AAPL,,,,,,,,,,,
9/12/2025,229.22000122070312,234.50999450683594,229.02000427246094,234.07000732421875,233.84332275390625,55824200,AAPL,,,,,,,,,,,
9/15/2025,237,238.19000244140625,235.02999877929688,236.6999969482422,236.47076416015625,42699500,AAPL,,,,,,,,,,,
9/16/2025,237.17999267578125,241.22000122070312,236.32000732421875,238.14999389648438,237.9193572998047,63421100,AAPL,,,,,,,,,,,
9/17/2025,238.97000122070312,240.10000610351562,237.72999572753906,238.99000549316406,238.75856018066406,46508000,AAPL,,,,,,,,,,,
9/18/2025,239.97000122070312,241.1999969482422,236.64999389648438,237.8800048828125,237.64962768554688,44249600,AAPL,,,,,,,,,,,
9/19/2025,241.22999572753906,246.3000030517578,240.2100067138672,245.5,245.26223754882812,163741300,AAPL,,,,,,,,,,,
9/22/2025,248.3000030517578,256.6400146484375,248.1199951171875,256.0799865722656,255.8319854736328,105517400,AAPL,,,,,,,,,,,
9/23/2025,255.8800048828125,257.3399963378906,253.5800018310547,254.42999267578125,254.1835938,60275200,AAPL,,,,,,,,,,,
9/24/2025,255.22000122070312,255.74000549316406,251.0399932861328,252.30999755859375,252.06564331054688,42303700,AAPL,,,,,,,,,,,
9/25/2025,253.2100067138672,257.1700134277344,251.7100067138672,256.8699951171875,256.6212158203125,55202100,AAPL,,,,,,,,,,,
9/26/2025,254.10000610351562,257.6000061035156,253.77999877929688,255.4600067138672,255.2126007080078,46076300,AAPL,,,,,,,,,,,
9/29/2025,254.55999755859375,255,253.00999450683594,254.42999267578125,254.1835938,40127700,AAPL,,,,,,,,,,,
9/30/2025,254.86000061035156,255.9199981689453,253.11000061035156,254.6300048828125,254.38340759277344,37704300,AAPL,,,,,,,,,,,
10/1/2025,255.0399932861328,258.7900085449219,254.92999267578125,255.4499969482422,255.20260620117188,48713900,AAPL,,,,,,,,,,,
10/2/2025,256.5799865722656,258.17999267578125,254.14999389648438,257.1300048828125,256.8809814453125,42630200,AAPL,,,,,,,,,,,
10/3/2025,254.6699981689453,259.2399902,253.9499969482422,258.0199890136719,257.7701110839844,49155600,AAPL,,,,,,,,,,,
10/6/2025,257.9899902,259.07000732421875,255.0500030517578,256.69000244140625,256.4414063,44664100,AAPL,,,,,,,,,,,
10/7/2025,256.80999755859375,257.3999938964844,255.42999267578125,256.4800109863281,256.23162841796875,31955800,AAPL,,,,,,,,,,,
10/8/2025,256.5199890136719,258.5199890136719,256.1099853515625,258.05999755859375,257.8100891113281,36496900,AAPL,,,,,,,,,,,
10/9/2025,257.80999755859375,258,253.13999938964844,254.0399932861328,253.79396057128906,38322000,AAPL,,,,,,,,,,,
10/10/2025,254.94000244140625,256.3800048828125,244,245.27000427246094,245.0324707,61999100,AAPL,,,,,,,,,,,
10/13/2025,249.3800048828125,249.69000244140625,245.55999755859375,247.66000366210938,247.42015075683594,38142900,AAPL,,,,,,,,,,,
10/14/2025,246.60000610351562,248.85000610351562,244.6999969482422,247.77000427246094,247.53004455566406,35478000,AAPL,,,,,,,,,,,
10/15/2025,249.49000549316406,251.82000732421875,247.47000122070312,249.33999633789062,249.09852600097656,33893600,AAPL,,,,,,,,,,,
10/16/2025,248.25,249.0399932861328,245.1300048828125,247.4499969482422,247.21035766601562,39777000,AAPL,,,,,,,,,,,
10/17/2025,248.02000427246094,253.3800048828125,247.27000427246094,252.2899932861328,252.0456543,49147000,AAPL,,,,,,,,,,,
10/20/2025,255.88999938964844,264.3800048828125,255.6300048828125,262.2399902,261.98602294921875,90483000,AAPL,,,,,,,,,,,
10/21/2025,261.8800048828125,265.2900085449219,261.8299865722656,262.7699890136719,262.5155029296875,46695900,AAPL,,,,,,,,,,,
10/22/2025,262.6499938964844,262.8500061035156,255.42999267578125,258.45001220703125,258.199707,45015300,AAPL,,,,,,,,,,,
10/23/2025,259.94000244140625,260.6199951171875,258.0100098,259.5799865722656,259.3285827636719,32754900,AAPL,,,,,,,,,,,
10/24/2025,261.19000244140625,264.1300048828125,259.17999267578125,262.82000732421875,262.56549072265625,38253700,AAPL,,,,,,,,,,,
10/27/2025,264.8800048828125,269.1199951171875,264.6499938964844,268.80999755859375,268.5496520996094,44888200,AAPL,,,,,,,,,,,
10/28/2025,268.9899902,269.8900146484375,268.1499938964844,269,268.7394714355469,41534800,AAPL,,,,,,,,,,,
10/29/2025,269.2799987792969,271.4100036621094,267.1099853515625,269.70001220703125,269.4388122558594,51086700,AAPL,,,,,,,,,,,
10/30/2025,271.9899902,274.1400146484375,268.4800109863281,271.3999938964844,271.13714599609375,69886500,AAPL,,,,,,,,,,,
10/31/2025,276.9899902,277.32000732421875,269.1600036621094,270.3699951171875,270.1081543,86167100,AAPL,,,,,,,,,,,
11/3/2025,270.4200134277344,270.8500061035156,266.25,269.04998779296875,268.7894287109375,50194600,AAPL,,,,,,,,,,,
11/4/2025,268.3299865722656,271.4899902,267.6199951171875,270.0400085449219,269.7784729003906,49274800,AAPL,,,,,,,,,,,
11/5/2025,268.6099853515625,271.70001220703125,266.92999267578125,270.1400146484375,269.8783874511719,43683100,AAPL,,,,,,,,,,,
11/6/2025,267.8900146484375,273.3999938964844,267.8900146484375,269.7699890136719,269.50872802734375,51204000,AAPL,,,,,,,,,,,
11/7/2025,269.79998779296875,272.2900085449219,266.7699890136719,268.4700012207031,268.2099914550781,48227400,AAPL,,,,,,,,,,,
11/10/2025,268.9599914550781,273.7300109863281,267.4599914550781,269.42999267578125,269.42999267578125,41312400,AAPL,,,,,,,,,,,
11/11/2025,269.80999755859375,275.9100036621094,269.79998779296875,275.25,275.25,46208300,AAPL,,,,,,,,,,,
11/12/2025,275,275.7300109863281,271.70001220703125,273.4700012207031,273.4700012207031,48398000,AAPL,,,,,,,,,,,
11/13/2025,274.1099853515625,276.70001220703125,272.0899963378906,272.95001220703125,272.95001220703125,49602800,AAPL,,,,,,,,,,,
11/14/2025,271.04998779296875,275.9599914550781,269.6000061035156,272.4100036621094,272.4100036621094,47431300,AAPL,,,,,,,,,,,
11/17/2025,268.82000732421875,270.4899902,265.7300109863281,267.4599914550781,267.4599914550781,45018300,AAPL,,,,,,,,,,,
11/18/2025,269.9899902,270.7099914550781,265.32000732421875,267.44000244140625,267.44000244140625,45677300,AAPL,,,,,,,,,,,
11/19/2025,265.5299987792969,272.2099914550781,265.5,268.55999755859375,268.55999755859375,40424500,AAPL,,,,,,,,,,,
11/20/2025,270.8299865722656,275.42999267578125,265.9200134277344,266.25,266.25,45823600,AAPL,,,,,,,,,,,
11/21/2025,265.95001220703125,273.3299865722656,265.6700134277344,271.4899902,271.4899902,59030800,AAPL,,,,,,,,,,,
11/24/2025,270.8999938964844,277,270.8999938964844,275.9200134277344,275.9200134277344,65585800,AAPL,,,,,,,,,,,
11/25/2025,275.2699890136719,280.3800048828125,275.25,276.9700012207031,276.9700012207031,46914200,AAPL,,,,,,,,,,,
11/26/2025,276.9599914550781,279.5299987792969,276.6300048828125,277.54998779296875,277.54998779296875,33431400,AAPL,,7.043588769440046,0.002175945,0.000186267,,3.897634178908379,0.003941284,0.002183208,-0.039801201,0.23074183271539261,12:57.9
11/28/2025,277.2600098,279,275.9899902,278.8500061035156,278.8500061035156,20135600,AAPL,,,,,,,,,,,
1/2/2025,222.02999877929688,225.14999389648438,218.19000244140625,220.22000122070312,220.22000122070312,33956600,AMZN,,,,,,,,,,,
1/3/2025,222.50999450683594,225.36000061035156,221.6199951171875,224.19000244140625,224.19000244140625,27515600,AMZN,,,,,,,,,,,
1/6/2025,226.77999877929688,228.83999633789062,224.83999633789062,227.61000061035156,227.61000061035156,31849800,AMZN,,,,,,,,,,,
1/7/2025,227.89999389648438,228.3800048828125,221.4600067138672,222.11000061035156,222.11000061035156,28084200,AMZN,,,,,,,,,,,
1/8/2025,223.19000244140625,223.52000427246094,220.1999969482422,222.1300048828125,222.1300048828125,25033300,AMZN,,,,,,,,,,,
1/10/2025,221.4600067138672,221.7100067138672,216.5,218.94000244140625,218.94000244140625,36811500,AMZN,,,,,,,,,,,
1/13/2025,218.05999755859375,219.39999389648438,216.47000122070312,218.4600067138672,218.4600067138672,27262700,AMZN,,,,,,,,,,,
1/14/2025,220.44000244140625,221.82000732421875,216.1999969482422,217.75999450683594,217.75999450683594,24711700,AMZN,,,,,,,,,,,
1/15/2025,222.8300018310547,223.57000732421875,220.75,223.35000610351562,223.35000610351562,31291300,AMZN,,,,,,,,,,,
1/16/2025,224.4199981689453,224.64999389648438,220.30999755859375,220.66000366210938,220.66000366210938,24757300,AMZN,,,,,,,,,,,
1/17/2025,225.83999633789062,226.50999450683594,223.0800018310547,225.94000244140625,225.94000244140625,42370100,AMZN,,,,,,,,,,,
1/21/2025,228.89999389648438,231.77999877929688,226.94000244140625,230.7100067138672,230.7100067138672,39951500,AMZN,,,,,,,,,,,
1/22/2025,232.02000427246094,235.44000244140625,231.19000244140625,235.00999450683594,235.00999450683594,41448200,AMZN,,,,,,,,,,,
1/23/2025,234.10000610351562,235.52000427246094,231.50999450683594,235.4199981689453,235.4199981689453,26404400,AMZN,,,,,,,,,,,
1/24/2025,234.5,236.39999389648438,232.92999267578125,234.85000610351562,234.85000610351562,25890700,AMZN,,,,,,,,,,,
1/27/2025,226.2100067138672,235.61000061035156,225.86000061035156,235.4199981689453,235.4199981689453,49428300,AMZN,,,,,,,,,,,
1/28/2025,234.2899932861328,241.77000427246094,233.97999572753906,238.14999389648438,238.14999389648438,41587200,AMZN,,,,,,,,,,,
1/29/2025,239.02000427246094,240.38999938964844,236.14999389648438,237.07000732421875,237.07000732421875,26091700,AMZN,,,,,,,,,,,
1/30/2025,237.13999938964844,237.9499969482422,232.22000122070312,234.63999938964844,234.63999938964844,32020700,AMZN,,,,,,,,,,,
1/31/2025,236.5,240.2899932861328,236.41000366210938,237.67999267578125,237.67999267578125,36110200,AMZN,,,,,,,,,,,
2/3/2025,234.05999755859375,239.25,232.89999389648438,237.4199981689453,237.4199981689453,37285900,AMZN,,,,,,,,,,,
2/4/2025,239.00999450683594,242.52000427246094,238.02999877929688,242.05999755859375,242.05999755859375,29713800,AMZN,,,,,,,,,,,
2/5/2025,237.02000427246094,238.32000732421875,235.1999969482422,236.1699981689453,236.1699981689453,38727300,AMZN,,,,,,,,,,,
2/6/2025,238.00999450683594,239.66000366210938,236.00999450683594,238.8300018310547,238.8300018310547,60897100,AMZN,,,,,,,,,,,
2/7/2025,232.5,234.80999755859375,228.05999755859375,229.14999389648438,229.14999389648438,77539300,AMZN,,,,,,,,,,,
2/10/2025,230.5500030517578,233.9199981689453,229.1999969482422,233.13999938964844,233.13999938964844,35419900,AMZN,,,,,,,,,,,
2/11/2025,231.9199981689453,233.44000244140625,230.1300048828125,232.75999450683594,232.75999450683594,23713700,AMZN,,,,,,,,,,,
2/12/2025,230.4600067138672,231.17999267578125,228.16000366210938,228.92999267578125,228.92999267578125,32285200,AMZN,,,,,,,,,,,
2/13/2025,228.85000610351562,230.4199981689453,227.52000427246094,230.3699951171875,230.3699951171875,31346500,AMZN,,,,,,,,,,,
2/14/2025,229.1999969482422,229.88999938964844,227.22999572753906,228.67999267578125,228.67999267578125,27031100,AMZN,,,,,,,,,,,
2/18/2025,228.82000732421875,229.3000030517578,223.72000122070312,226.64999389648438,226.64999389648438,42975100,AMZN,,,,,,,,,,,
2/19/2025,225.52000427246094,226.8300018310547,223.7100067138672,226.6300048828125,226.6300048828125,28566700,AMZN,,,,,,,,,,,
2/20/2025,224.77999877929688,225.1300048828125,221.80999755859375,222.8800048828125,222.8800048828125,30001700,AMZN,,,,,,,,,,,
2/21/2025,223.27999877929688,223.30999755859375,214.74000549316406,216.5800018310547,216.5800018310547,55323900,AMZN,,,,,,,,,,,
2/24/2025,217.4499969482422,217.72000122070312,212.4199981689453,212.7100067138672,212.7100067138672,42387600,AMZN,,,,,,,,,,,
2/25/2025,211.6300048828125,213.33999633789062,204.16000366210938,212.8000030517578,212.8000030517578,58958000,AMZN,,,,,,,,,,,
2/26/2025,214.94000244140625,218.16000366210938,213.08999633789062,214.35000610351562,214.35000610351562,39120600,AMZN,,,,,,,,,,,
2/27/2025,218.35000610351562,219.97000122070312,208.3699951171875,208.74000549316406,208.74000549316406,40548600,AMZN,,,,,,,,,,,
2/28/2025,208.64999389648438,212.6199951171875,206.99000549316406,212.27999877929688,212.27999877929688,51771700,AMZN,,,,,,,,,,,
3/3/2025,213.35000610351562,214.00999450683594,202.5500030517578,205.02000427246094,205.02000427246094,42948400,AMZN,,,,,,,,,,,
3/4/2025,200.11000061035156,206.8000030517578,197.42999267578125,203.8000030517578,203.8000030517578,60853100,AMZN,,,,,,,,,,,
3/5/2025,204.8000030517578,209.97999572753906,203.25999450683594,208.36000061035156,208.36000061035156,38610100,AMZN,,,,,,,,,,,
3/6/2025,204.39999389648438,205.77000427246094,198.3000030517578,200.6999969482422,200.6999969482422,49863800,AMZN,,,,,,,,,,,
3/7/2025,199.49000549316406,202.27000427246094,192.52999877929688,199.25,199.25,59802800,AMZN,,,,,,,,,,,
3/10/2025,195.60000610351562,196.72999572753906,190.85000610351562,194.5399932861328,194.5399932861328,62350900,AMZN,,,,,,,,,,,
3/11/2025,193.89999389648438,200.17999267578125,193.39999389648438,196.58999633789062,196.58999633789062,54002900,AMZN,,,,,,,,,,,
3/12/2025,200.72000122070312,201.52000427246094,195.2899932861328,198.88999938964844,198.88999938964844,43679300,AMZN,,,,,,,,,,,
3/13/2025,198.1699981689453,198.8800048828125,191.82000732421875,193.88999938964844,193.88999938964844,41270800,AMZN,,,,,,,,,,,
3/14/2025,197.41000366210938,198.64999389648438,195.32000732421875,197.9499969482422,197.9499969482422,38096700,AMZN,,,,,,,,,,,
3/17/2025,198.77000427246094,199,194.32000732421875,195.74000549316406,195.74000549316406,47341800,AMZN,,,,,,,,,,,
3/18/2025,192.52000427246094,194,189.3800048828125,192.82000732421875,192.82000732421875,40414900,AMZN,,,,,,,,,,,
3/19/2025,193.3800048828125,195.97000122070312,191.9600067138672,195.5399932861328,195.5399932861328,39442900,AMZN,,,,,,,,,,,
3/20/2025,193.07000732421875,199.32000732421875,192.3000030517578,194.9499969482422,194.9499969482422,38921100,AMZN,,,,,,,,,,,
3/21/2025,192.89999389648438,196.99000549316406,192.52000427246094,196.2100067138672,196.2100067138672,60056900,AMZN,,,,,,,,,,,
3/24/2025,200,203.63999938964844,199.9499969482422,203.25999450683594,203.25999450683594,41625400,AMZN,,,,,,,,,,,
3/25/2025,203.60000610351562,206.2100067138672,203.22000122070312,205.7100067138672,205.7100067138672,31171200,AMZN,,,,,,,,,,,
3/26/2025,205.83999633789062,206.00999450683594,199.92999267578125,201.1300048828125,201.1300048828125,32855300,AMZN,,,,,,,,,,,
3/27/2025,200.88999938964844,203.7899932861328,199.27999877929688,201.36000061035156,201.36000061035156,27317700,AMZN,,,,,,,,,,,
3/28/2025,198.4199981689453,199.25999450683594,191.8800048828125,192.72000122070312,192.72000122070312,52548200,AMZN,,,,,,,,,,,
3/31/2025,188.19000244140625,191.3300018310547,184.39999389648438,190.25999450683594,190.25999450683594,63547600,AMZN,,,,,,,,,,,
4/1/2025,187.86000061035156,193.92999267578125,187.1999969482422,192.1699981689453,192.1699981689453,41267300,AMZN,,,,,,,,,,,
4/2/2025,187.66000366210938,198.33999633789062,187.66000366210938,196.00999450683594,196.00999450683594,53679200,AMZN,,,,,,,,,,,
4/3/2025,183,184.1300048828125,176.9199981689453,178.41000366210938,178.41000366210938,95553600,AMZN,,,,,,,,,,,
4/4/2025,167.14999389648438,178.13999938964844,166,171,171,123159400,AMZN,,,,,,,,,,,
4/7/2025,162,183.41000366210938,161.3800048828125,175.25999450683594,175.25999450683594,109327100,AMZN,,,,,,,,,,,
4/8/2025,185.22999572753906,185.89999389648438,168.57000732421875,170.66000366210938,170.66000366210938,87710400,AMZN,,,,,,,,,,,
4/9/2025,172.1199951171875,192.64999389648438,169.92999267578125,191.10000610351562,191.10000610351562,116804300,AMZN,,,,,,,,,,,
4/10/2025,185.44000244140625,186.8699951171875,175.85000610351562,181.22000122070312,181.22000122070312,68302000,AMZN,,,,,,,,,,,
4/11/2025,179.92999267578125,185.86000061035156,178,184.8699951171875,184.8699951171875,50594300,AMZN,,,,,,,,,,,
4/14/2025,186.83999633789062,187.44000244140625,179.22999572753906,182.1199951171875,182.1199951171875,48002500,AMZN,,,,,,,,,,,
4/15/2025,181.41000366210938,182.35000610351562,177.92999267578125,179.58999633789062,179.58999633789062,43642000,AMZN,,,,,,,,,,,
4/16/2025,176.2899932861328,179.10000610351562,171.41000366210938,174.3300018310547,174.3300018310547,51875300,AMZN,,,,,,,,,,,
4/17/2025,176,176.2100067138672,172,172.61000061035156,172.61000061035156,44726500,AMZN,,,,,,,,,,,
4/21/2025,169.60000610351562,169.60000610351562,165.2899932861328,167.32000732421875,167.32000732421875,48126100,AMZN,,,,,,,,,,,
4/22/2025,169.85000610351562,176.77999877929688,169.35000610351562,173.17999267578125,173.17999267578125,56607200,AMZN,,,,,,,,,,,
4/23/2025,183.4499969482422,187.3800048828125,180.19000244140625,180.60000610351562,180.60000610351562,63470100,AMZN,,,,,,,,,,,
4/24/2025,180.9199981689453,186.74000549316406,180.17999267578125,186.5399932861328,186.5399932861328,43763200,AMZN,,,,,,,,,,,
4/25/2025,187.6199951171875,189.94000244140625,185.49000549316406,188.99000549316406,188.99000549316406,36414300,AMZN,,,,,,,,,,,
4/28/2025,190.11000061035156,190.22000122070312,184.88999938964844,187.6999969482422,187.6999969482422,33224700,AMZN,,,,,,,,,,,
4/29/2025,183.99000549316406,188.02000427246094,183.67999267578125,187.38999938964844,187.38999938964844,41667300,AMZN,,,,,,,,,,,
4/30/2025,182.1699981689453,185.0500030517578,178.85000610351562,184.4199981689453,184.4199981689453,55176500,AMZN,,,,,,,,,,,
5/1/2025,190.6300048828125,191.80999755859375,187.5,190.1999969482422,190.1999969482422,74266000,AMZN,,,,,,,,,,,
5/2/2025,191.44000244140625,192.8800048828125,186.39999389648438,189.97999572753906,189.97999572753906,77903500,AMZN,,,,,,,,,,,
5/5/2025,186.50999450683594,188.17999267578125,185.52999877929688,186.35000610351562,186.35000610351562,35217500,AMZN,,,,,,,,,,,
5/6/2025,184.57000732421875,187.92999267578125,183.85000610351562,185.00999450683594,185.00999450683594,29314100,AMZN,,,,,,,,,,,
5/7/2025,185.55999755859375,190.99000549316406,185.00999450683594,188.7100067138672,188.7100067138672,43948600,AMZN,,,,,,,,,,,
5/8/2025,191.42999267578125,194.3300018310547,188.82000732421875,192.0800018310547,192.0800018310547,41043600,AMZN,,,,,,,,,,,
5/9/2025,193.3800048828125,194.69000244140625,191.16000366210938,193.05999755859375,193.05999755859375,29663100,AMZN,,,,,,,,,,,
5/12/2025,210.7100067138672,211.66000366210938,205.75,208.63999938964844,208.63999938964844,75205000,AMZN,,,,,,,,,,,
5/13/2025,211.0800018310547,214.83999633789062,210.10000610351562,211.3699951171875,211.3699951171875,56193700,AMZN,,,,,,,,,,,
5/14/2025,211.4499969482422,211.92999267578125,208.85000610351562,210.25,210.25,38492100,AMZN,,,,,,,,,,,
5/15/2025,206.4499969482422,206.8800048828125,202.6699981689453,205.1699981689453,205.1699981689453,64347300,AMZN,,,,,,,,,,,
5/16/2025,206.85000610351562,206.85000610351562,204.3699951171875,205.58999633789062,205.58999633789062,43318500,AMZN,,,,,,,,,,,
5/19/2025,201.64999389648438,206.6199951171875,201.25999450683594,206.16000366210938,206.16000366210938,34314800,AMZN,,,,,,,,,,,
5/20/2025,204.6300048828125,205.58999633789062,202.64999389648438,204.07000732421875,204.07000732421875,29470400,AMZN,,,,,,,,,,,
5/21/2025,201.61000061035156,203.4600067138672,200.05999755859375,201.1199951171875,201.1199951171875,42460900,AMZN,,,,,,,,,,,
5/22/2025,201.3800048828125,205.75999450683594,200.16000366210938,203.10000610351562,203.10000610351562,38938900,AMZN,,,,,,,,,,,
5/23/2025,198.89999389648438,202.3699951171875,197.85000610351562,200.99000549316406,200.99000549316406,33393500,AMZN,,,,,,,,,,,
5/27/2025,203.08999633789062,206.69000244140625,202.19000244140625,206.02000427246094,206.02000427246094,34892000,AMZN,,,,,,,,,,,
5/28/2025,205.9199981689453,207.66000366210938,204.41000366210938,204.72000122070312,204.72000122070312,28549800,AMZN,,,,,,,,,,,
5/29/2025,208.02999877929688,208.80999755859375,204.22999572753906,205.6999969482422,205.6999969482422,34650000,AMZN,,,,,,,,,,,
5/30/2025,204.83999633789062,205.99000549316406,201.6999969482422,205.00999450683594,205.00999450683594,51679400,AMZN,,,,,,,,,,,
6/2/2025,204.97999572753906,207,202.67999267578125,206.64999389648438,206.64999389648438,29113300,AMZN,,,,,,,,,,,
6/3/2025,207.11000061035156,208.9499969482422,205.02999877929688,205.7100067138672,205.7100067138672,33139100,AMZN,,,,,,,,,,,
6/4/2025,206.5500030517578,208.17999267578125,205.17999267578125,207.22999572753906,207.22999572753906,29915600,AMZN,,,,,,,,,,,
6/5/2025,209.5500030517578,212.80999755859375,207.55999755859375,207.91000366210938,207.91000366210938,51864200,AMZN,,,,,,,,,,,
6/6/2025,212.39999389648438,213.8699951171875,210.5,213.57000732421875,213.57000732421875,39832500,AMZN,,,,,,,,,,,
6/9/2025,214.75,217.85000610351562,212.8800048828125,216.97999572753906,216.97999572753906,38102500,AMZN,,,,,,,,,,,
6/10/2025,216.77999877929688,217.69000244140625,214.14999389648438,217.61000061035156,217.61000061035156,31303300,AMZN,,,,,,,,,,,
6/11/2025,217.41000366210938,218.39999389648438,212.88999938964844,213.1999969482422,213.1999969482422,39326000,AMZN,,,,,,,,,,,
6/12/2025,211.77999877929688,213.5800018310547,211.3300018310547,213.24000549316406,213.24000549316406,27640000,AMZN,,,,,,,,,,,
6/13/2025,209.9600067138672,214.0500030517578,209.6199951171875,212.10000610351562,212.10000610351562,29337800,AMZN,,,,,,,,,,,
6/16/2025,212.30999755859375,217.05999755859375,211.60000610351562,216.10000610351562,216.10000610351562,33284200,AMZN,,,,,,,,,,,
6/17/2025,215.1999969482422,217.41000366210938,214.55999755859375,214.82000732421875,214.82000732421875,32086300,AMZN,,,,,,,,,,,
6/18/2025,215.08999633789062,217.9600067138672,212.33999633789062,212.52000427246094,212.52000427246094,44360500,AMZN,,,,,,,,,,,
6/20/2025,214.67999267578125,214.88999938964844,208.27000427246094,209.69000244140625,209.69000244140625,75350700,AMZN,,,,,,,,,,,
6/23/2025,209.7899932861328,210.38999938964844,207.30999755859375,208.47000122070312,208.47000122070312,37311700,AMZN,,,,,,,,,,,
6/24/2025,212.13999938964844,214.33999633789062,211.0500030517578,212.77000427246094,212.77000427246094,38378800,AMZN,,,,,,,,,,,
6/25/2025,214.6199951171875,216.02999877929688,211.11000061035156,211.99000549316406,211.99000549316406,31755700,AMZN,,,,,,,,,,,
6/26/2025,213.1199951171875,218.0399932861328,212.00999450683594,217.1199951171875,217.1199951171875,50480800,AMZN,,,,,,,,,,,
6/27/2025,219.9199981689453,223.3000030517578,216.74000549316406,223.3000030517578,223.3000030517578,119217100,AMZN,,,,,,,,,,,
6/30/2025,223.52000427246094,223.82000732421875,219.1199951171875,219.38999938964844,219.38999938964844,58887800,AMZN,,,,,,,,,,,
7/1/2025,219.5,221.8800048828125,217.92999267578125,220.4600067138672,220.4600067138672,39256800,AMZN,,,,,,,,,,,
7/2/2025,219.72999572753906,221.60000610351562,219.05999755859375,219.9199981689453,219.9199981689453,30894200,AMZN,,,,,,,,,,,
7/3/2025,221.82000732421875,224.00999450683594,221.36000061035156,223.41000366210938,223.41000366210938,29632400,AMZN,,,,,,,,,,,
7/7/2025,223,224.2899932861328,222.3699951171875,223.47000122070312,223.47000122070312,36604100,AMZN,,,,,,,,,,,
7/8/2025,223.9199981689453,224,218.42999267578125,219.36000061035156,219.36000061035156,45692000,AMZN,,,,,,,,,,,
7/9/2025,221.07000732421875,224.2899932861328,220.47000122070312,222.5399932861328,222.5399932861328,38155100,AMZN,,,,,,,,,,,
7/10/2025,221.5500030517578,222.7899932861328,219.6999969482422,222.25999450683594,222.25999450683594,30370600,AMZN,,,,,,,,,,,
7/11/2025,223.5800018310547,226.67999267578125,222.3699951171875,225.02000427246094,225.02000427246094,50518300,AMZN,,,,,,,,,,,
7/14/2025,225.07000732421875,226.66000366210938,224.24000549316406,225.69000244140625,225.69000244140625,35702600,AMZN,,,,,,,,,,,
7/15/2025,226.1999969482422,227.27000427246094,225.4600067138672,226.35000610351562,226.35000610351562,34907300,AMZN,,,,,,,,,,,
7/16/2025,225.8800048828125,226.10000610351562,222.17999267578125,223.19000244140625,223.19000244140625,39535900,AMZN,,,,,,,,,,,
7/17/2025,223.32000732421875,224.5,222.50999450683594,223.8800048828125,223.8800048828125,31855800,AMZN,,,,,,,,,,,
7/18/2025,225.13999938964844,226.39999389648438,222.97999572753906,226.1300048828125,226.1300048828125,37833800,AMZN,,,,,,,,,,,
7/21/2025,225.83999633789062,229.69000244140625,225.64999389648438,229.3000030517578,229.3000030517578,40297600,AMZN,,,,,,,,,,,
7/22/2025,229.67999267578125,230,226.35000610351562,227.47000122070312,227.47000122070312,37483700,AMZN,,,,,,,,,,,
7/23/2025,228.47000122070312,228.7899932861328,227.08999633789062,228.2899932861328,228.2899932861328,28294900,AMZN,,,,,,,,,,,
7/24/2025,229.1699981689453,236,228.63999938964844,232.22999572753906,232.22999572753906,42902300,AMZN,,,,,,,,,,,
7/25/2025,232.22000122070312,232.47999572753906,231.17999267578125,231.44000244140625,231.44000244140625,28712100,AMZN,,,,,,,,,,,
7/28/2025,233.35000610351562,234.2899932861328,232.25,232.7899932861328,232.7899932861328,26300100,AMZN,,,,,,,,,,,
7/29/2025,234.14999389648438,234.72000122070312,230.30999755859375,231.00999450683594,231.00999450683594,33716200,AMZN,,,,,,,,,,,
7/30/2025,231.63999938964844,231.8000030517578,229.2899932861328,230.19000244140625,230.19000244140625,32993300,AMZN,,,,,,,,,,,
7/31/2025,235.77000427246094,236.52999877929688,231.39999389648438,234.11000061035156,234.11000061035156,104357300,AMZN,,,,,,,,,,,
8/1/2025,217.2100067138672,220.44000244140625,212.8000030517578,214.75,214.75,122258800,AMZN,,,,,,,,,,,
8/4/2025,217.39999389648438,217.44000244140625,211.4199981689453,211.64999389648438,211.64999389648438,77890100,AMZN,,,,,,,,,,,
8/5/2025,213.0500030517578,216.3000030517578,212.8699951171875,213.75,213.75,51505100,AMZN,,,,,,,,,,,
8/6/2025,214.6999969482422,222.64999389648438,213.74000549316406,222.30999755859375,222.30999755859375,54823000,AMZN,,,,,,,,,,,
8/7/2025,221,226.22000122070312,220.82000732421875,223.1300048828125,223.1300048828125,40603500,AMZN,,,,,,,,,,,
8/8/2025,223.13999938964844,223.8000030517578,221.8800048828125,222.69000244140625,222.69000244140625,32970500,AMZN,,,,,,,,,,,
8/11/2025,221.77999877929688,223.0500030517578,220.39999389648438,221.3000030517578,221.3000030517578,31646200,AMZN,,,,,,,,,,,
8/12/2025,222.22999572753906,223.5,219.0500030517578,221.47000122070312,221.47000122070312,37185800,AMZN,,,,,,,,,,,
8/13/2025,222,224.9199981689453,222,224.55999755859375,224.55999755859375,36508300,AMZN,,,,,,,,,,,
8/14/2025,227.39999389648438,233.11000061035156,227.02000427246094,230.97999572753906,230.97999572753906,61545800,AMZN,,,,,,,,,,,
8/15/2025,232.5800018310547,234.0800018310547,229.80999755859375,231.02999877929688,231.02999877929688,39649200,AMZN,,,,,,,,,,,
8/18/2025,230.22999572753906,231.91000366210938,228.3300018310547,231.49000549316406,231.49000549316406,25248900,AMZN,,,,,,,,,,,
8/19/2025,230.08999633789062,230.52999877929688,227.1199951171875,228.00999450683594,228.00999450683594,29891000,AMZN,,,,,,,,,,,
8/20/2025,227.1199951171875,227.27000427246094,220.9199981689453,223.80999755859375,223.80999755859375,36604300,AMZN,,,,,,,,,,,
8/21/2025,222.64999389648438,222.77999877929688,220.5,221.9499969482422,221.9499969482422,32140500,AMZN,,,,,,,,,,,
8/22/2025,222.7899932861328,229.13999938964844,220.82000732421875,228.83999633789062,228.83999633789062,37315300,AMZN,,,,,,,,,,,
8/25/2025,227.35000610351562,229.60000610351562,227.30999755859375,227.94000244140625,227.94000244140625,22633700,AMZN,,,,,,,,,,,
8/26/2025,227.11000061035156,229,226.02000427246094,228.7100067138672,228.7100067138672,26105400,AMZN,,,,,,,,,,,
8/27/2025,228.57000732421875,229.8699951171875,227.80999755859375,229.1199951171875,229.1199951171875,21254500,AMZN,,,,,,,,,,,
8/28/2025,229.00999450683594,232.7100067138672,228.02000427246094,231.60000610351562,231.60000610351562,33679600,AMZN,,,,,,,,,,,
8/29/2025,231.32000732421875,231.80999755859375,228.16000366210938,229,229,26199200,AMZN,,,,,,,,,,,
9/2/2025,223.52000427246094,226.1699981689453,221.8300018310547,225.33999633789062,225.33999633789062,38843900,AMZN,,,,,,,,,,,
9/3/2025,225.2100067138672,227.1699981689453,224.36000061035156,225.99000549316406,225.99000549316406,29223100,AMZN,,,,,,,,,,,
9/4/2025,231.19000244140625,235.77000427246094,230.77999877929688,235.67999267578125,235.67999267578125,59391800,AMZN,,,,,,,,,,,
9/5/2025,235.19000244140625,236,231.92999267578125,232.3300018310547,232.3300018310547,36721800,AMZN,,,,,,,,,,,
9/8/2025,234.94000244140625,237.60000610351562,233.75,235.83999633789062,235.83999633789062,33947100,AMZN,,,,,,,,,,,
9/9/2025,236.36000061035156,238.85000610351562,235.0800018310547,238.24000549316406,238.24000549316406,27033800,AMZN,,,,,,,,,,,
9/10/2025,237.52000427246094,237.67999267578125,229.10000610351562,230.3300018310547,230.3300018310547,60907700,AMZN,,,,,,,,,,,
9/11/2025,231.49000549316406,231.52999877929688,229.33999633789062,229.9499969482422,229.9499969482422,37485600,AMZN,,,,,,,,,,,
9/12/2025,230.35000610351562,230.7899932861328,226.2899932861328,228.14999389648438,228.14999389648438,38496200,AMZN,,,,,,,,,,,
9/15/2025,230.6300048828125,233.72999572753906,230.32000732421875,231.42999267578125,231.42999267578125,33243300,AMZN,,,,,,,,,,,
9/16/2025,232.94000244140625,235.89999389648438,232.22999572753906,234.0500030517578,234.0500030517578,38203900,AMZN,,,,,,,,,,,
9/17/2025,233.77000427246094,234.3000030517578,228.7100067138672,231.6199951171875,231.6199951171875,42815200,AMZN,,,,,,,,,,,
9/18/2025,232.5,233.47999572753906,228.7899932861328,231.22999572753906,231.22999572753906,37931700,AMZN,,,,,,,,,,,
9/19/2025,232.3699951171875,234.16000366210938,229.6999969482422,231.47999572753906,231.47999572753906,97943200,AMZN,,,,,,,,,,,
9/22/2025,230.55999755859375,230.57000732421875,227.50999450683594,227.6300048828125,227.6300048828125,45914500,AMZN,,,,,,,,,,,
9/23/2025,227.8300018310547,227.86000061035156,220.07000732421875,220.7100067138672,220.7100067138672,70956200,AMZN,,,,,,,,,,,
9/24/2025,224.14999389648438,224.55999755859375,219.4499969482422,220.2100067138672,220.2100067138672,49509000,AMZN,,,,,,,,,,,
9/25/2025,220.05999755859375,220.6699981689453,216.47000122070312,218.14999389648438,218.14999389648438,52226300,AMZN,,,,,,,,,,,
9/26/2025,219.0800018310547,221.0500030517578,218.02000427246094,219.77999877929688,219.77999877929688,41650100,AMZN,,,,,,,,,,,
9/29/2025,220.0800018310547,222.60000610351562,219.3000030517578,222.1699981689453,222.1699981689453,44259200,AMZN,,,,,,,,,,,
9/30/2025,222.02999877929688,222.24000549316406,217.88999938964844,219.57000732421875,219.57000732421875,48396400,AMZN,,,,,,,,,,,
10/1/2025,217.36000061035156,222.14999389648438,216.61000061035156,220.6300048828125,220.6300048828125,43933800,AMZN,,,,,,,,,,,
10/2/2025,221.00999450683594,222.80999755859375,218.9499969482422,222.41000366210938,222.41000366210938,41258600,AMZN,,,,,,,,,,,
10/3/2025,223.44000244140625,224.1999969482422,219.33999633789062,219.50999450683594,219.50999450683594,43639000,AMZN,,,,,,,,,,,
10/6/2025,221,221.72999572753906,216.02999877929688,220.89999389648438,220.89999389648438,43690900,AMZN,,,,,,,,,,,
10/7/2025,220.8800048828125,222.88999938964844,220.1699981689453,221.77999877929688,221.77999877929688,31194700,AMZN,,,,,,,,,,,
10/8/2025,222.9199981689453,226.72999572753906,221.19000244140625,225.22000122070312,225.22000122070312,46686000,AMZN,,,,,,,,,,,
10/9/2025,225,228.2100067138672,221.75,227.74000549316406,227.74000549316406,46412100,AMZN,,,,,,,,,,,
10/10/2025,226.2100067138672,228.25,216,216.3699951171875,216.3699951171875,72367500,AMZN,,,,,,,,,,,
10/13/2025,217.6999969482422,220.67999267578125,217.0399932861328,220.07000732421875,220.07000732421875,37809700,AMZN,,,,,,,,,,,
10/14/2025,215.55999755859375,219.32000732421875,212.60000610351562,216.38999938964844,216.38999938964844,45665600,AMZN,,,,,,,,,,,
10/15/2025,216.6199951171875,217.7100067138672,212.66000366210938,215.57000732421875,215.57000732421875,45909500,AMZN,,,,,,,,,,,
10/16/2025,215.6699981689453,218.58999633789062,212.80999755859375,214.47000122070312,214.47000122070312,42414600,AMZN,,,,,,,,,,,
10/17/2025,214.55999755859375,214.8000030517578,211.02999877929688,213.0399932861328,213.0399932861328,45986900,AMZN,,,,,,,,,,,
10/20/2025,213.8800048828125,216.69000244140625,213.58999633789062,216.47999572753906,216.47999572753906,38882800,AMZN,,,,,,,,,,,
10/21/2025,218.42999267578125,223.32000732421875,217.99000549316406,222.02999877929688,222.02999877929688,50494600,AMZN,,,,,,,,,,,
10/22/2025,219.3000030517578,220.00999450683594,216.52000427246094,217.9499969482422,217.9499969482422,44308500,AMZN,,,,,,,,,,,
10/23/2025,219,221.3000030517578,218.17999267578125,221.08999633789062,221.08999633789062,31540000,AMZN,,,,,,,,,,,
10/24/2025,221.97000122070312,225.39999389648438,221.89999389648438,224.2100067138672,224.2100067138672,38685100,AMZN,,,,,,,,,,,
10/27/2025,227.66000366210938,228.39999389648438,225.5399932861328,226.97000122070312,226.97000122070312,38267000,AMZN,,,,,,,,,,,
10/28/2025,228.22000122070312,231.49000549316406,226.2100067138672,229.25,229.25,47100000,AMZN,,,,,,,,,,,
10/29/2025,231.6699981689453,232.82000732421875,227.75999450683594,230.3000030517578,230.3000030517578,52036200,AMZN,,,,,,,,,,,
10/30/2025,227.05999755859375,228.44000244140625,222.75,222.86000061035156,222.86000061035156,102252900,AMZN,,,,,,,,,,,
10/31/2025,250.10000610351562,250.5,243.97999572753906,244.22000122070312,244.22000122070312,166340800,AMZN,,,,,,,,,,,
11/3/2025,255.36000061035156,258.6000061035156,252.89999389648438,254,254,95997800,AMZN,,,,,,,,,,,
11/4/2025,250.3800048828125,257.0100098,248.66000366210938,249.32000732421875,249.32000732421875,51546300,AMZN,,,,,,,,,,,
11/5/2025,249.02999877929688,251,246.16000366210938,250.1999969482422,250.1999969482422,40610700,AMZN,,,,,,,,,,,
11/6/2025,249.16000366210938,250.3800048828125,242.1699981689453,243.0399932861328,243.0399932861328,46004200,AMZN,,,,,,,,,,,
11/7/2025,242.89999389648438,244.89999389648438,238.49000549316406,244.41000366210938,244.41000366210938,46374300,AMZN,,,,,,,,,,,
11/10/2025,248.33999633789062,251.75,245.58999633789062,248.39999389648438,248.39999389648438,36476500,AMZN,,,,,,,,,,,
11/11/2025,248.41000366210938,249.75,247.22999572753906,249.10000610351562,249.10000610351562,23564100,AMZN,,,,,,,,,,,
11/12/2025,250.24000549316406,250.3699951171875,243.75,244.1999969482422,244.1999969482422,31190100,AMZN,,,,,,,,,,,
11/13/2025,243.0500030517578,243.75,236.5,237.5800018310547,237.5800018310547,41401700,AMZN,,,,,,,,,,,
11/14/2025,235.05999755859375,238.72999572753906,232.88999938964844,234.69000244140625,234.69000244140625,38956700,AMZN,,,,,,,,,,,
11/17/2025,233.25,234.60000610351562,229.19000244140625,232.8699951171875,232.8699951171875,59919000,AMZN,,,,,,,,,,,
11/18/2025,228.10000610351562,230.1999969482422,222.4199981689453,222.5500030517578,222.5500030517578,60608400,AMZN,,,,,,,,,,,
11/19/2025,223.74000549316406,223.74000549316406,218.52000427246094,222.69000244140625,222.69000244140625,58335600,AMZN,,,,,,,,,,,
11/20/2025,227.0500030517578,227.41000366210938,216.74000549316406,217.13999938964844,217.13999938964844,50309000,AMZN,,,,,,,,,,,
11/21/2025,216.35000610351562,222.2100067138672,215.17999267578125,220.69000244140625,220.69000244140625,68490500,AMZN,,,,,,,,,,,
11/24/2025,222.55999755859375,227.3300018310547,222.27000427246094,226.27999877929688,226.27999877929688,54318400,AMZN,,,,,,,,,,,
11/25/2025,226.3800048828125,230.52000427246094,223.8000030517578,229.6699981689453,229.6699981689453,39379300,AMZN,,,,,,,,,,,
11/26/2025,230.74000549316406,231.75,228.77000427246094,229.16000366210938,229.16000366210938,38497900,AMZN,,0.7798377274437558,-0.000402061,0.002559146,,-0.340223451,0.001152072,-0.023925107,0.005063139,0.6031643314540783,13:01.4
11/28/2025,231.24000549316406,233.2899932861328,230.22000122070312,233.22000122070312,233.22000122070312,20292300,AMZN,,,,,,,,,,,
1/2/2025,190.64999389648438,192,187.5,189.42999267578125,188.81442260742188,20370800,GOOGL,,,,,,,,,,,
1/3/2025,191.3699951171875,193.2100067138672,189.97999572753906,191.7899932861328,191.166748,18596200,GOOGL,,,,,,,,,,,
1/6/2025,193.97999572753906,198.22000122070312,193.85000610351562,196.8699951171875,196.23025512695312,29563600,GOOGL,,,,,,,,,,,
1/7/2025,197.11000061035156,201,194.60000610351562,195.49000549316406,194.85475158691406,26487200,GOOGL,,,,,,,,,,,
1/8/2025,192.57000732421875,196.2899932861328,192.3800048828125,193.9499969482422,193.3197479248047,24864800,GOOGL,,,,,,,,,,,
1/10/2025,194.3000030517578,196.52000427246094,190.30999755859375,192.0399932861328,191.41592407226562,26665200,GOOGL,,,,,,,,,,,
1/13/2025,190.07000732421875,191.17999267578125,187.36000061035156,191.00999450683594,190.3892822265625,21823700,GOOGL,,,,,,,,,,,
1/14/2025,191.24000549316406,191.97999572753906,188.30999755859375,189.66000366210938,189.04368591308594,17174900,GOOGL,,,,,,,,,,,
1/15/2025,193.08999633789062,196.36000061035156,191.86000061035156,195.5500030517578,194.91453552246094,21776000,GOOGL,,,,,,,,,,,
1/16/2025,194.13999938964844,195.47999572753906,192.80999755859375,192.91000366210938,192.28311157226562,17815400,GOOGL,,,,,,,,,,,
1/17/2025,196.52999877929688,197.22999572753906,193.75,196,195.3630828857422,27735100,GOOGL,,,,,,,,,,,
1/21/2025,199.07000732421875,202.2899932861328,197.8699951171875,198.0500030517578,197.4064178466797,29971300,GOOGL,,,,,,,,,,,
1/22/2025,199.05999755859375,200.47999572753906,197.52999877929688,198.3699951171875,197.72537231445312,26200600,GOOGL,,,,,,,,,,,
1/23/2025,198.13999938964844,200.3000030517578,195.1999969482422,197.97999572753906,197.33663940429688,26951400,GOOGL,,,,,,,,,,,
1/24/2025,198.10000610351562,200.89999389648438,198,200.2100067138672,199.5594024658203,23877500,GOOGL,,,,,,,,,,,
1/27/2025,192.41000366210938,196.8800048828125,190.72999572753906,191.80999755859375,191.18670654296875,41728900,GOOGL,,,,,,,,,,,
1/28/2025,192.75,195.47999572753906,190.67999267578125,195.3000030517578,194.6653594970703,24157900,GOOGL,,,,,,,,,,,
1/29/2025,195.55999755859375,196.7899932861328,193.42999267578125,195.41000366210938,194.77499389648438,18218300,GOOGL,,,,,,,,,,,
1/30/2025,198,201.39999389648438,197.6699981689453,200.8699951171875,200.21725463867188,24354700,GOOGL,,,,,,,,,,,
1/31/2025,202,205.47999572753906,201.8000030517578,204.02000427246094,203.3570098876953,32001100,GOOGL,,,,,,,,,,,
2/3/2025,200.69000244140625,203.75,200.10000610351562,201.22999572753906,200.57606506347656,27838300,GOOGL,,,,,,,,,,,
2/4/2025,203.38999938964844,207.0500030517578,202.80999755859375,206.3800048828125,205.7093505859375,43856400,GOOGL,,,,,,,,,,,
2/5/2025,191.07000732421875,192.75,188.02999877929688,191.3300018310547,190.70826721191406,70373900,GOOGL,,,,,,,,,,,
2/6/2025,189.5,192.10000610351562,188.72000122070312,191.60000610351562,190.97738647460938,29297400,GOOGL,,,,,,,,,,,
2/7/2025,191.0500030517578,191.17999267578125,183.24000549316406,185.33999633789062,184.7377166748047,49315000,GOOGL,,,,,,,,,,,
2/10/2025,187.35000610351562,188.1999969482422,185.86000061035156,186.47000122070312,185.8640594482422,23105600,GOOGL,,,,,,,,,,,
2/11/2025,185.02999877929688,186.94000244140625,184.27999877929688,185.32000732421875,184.71780395507812,21239500,GOOGL,,,,,,,,,,,
2/12/2025,183.22000122070312,185.11000061035156,181.8300018310547,183.61000061035156,183.01333618164062,22072600,GOOGL,,,,,,,,,,,
2/13/2025,184.32000732421875,186.27999877929688,183.13999938964844,186.13999938964844,185.53512573242188,21402500,GOOGL,,,,,,,,,,,
2/14/2025,185.05999755859375,186.39999389648438,184.32000732421875,185.22999572753906,184.62806701660156,20448400,GOOGL,,,,,,,,,,,
2/18/2025,185.60000610351562,185.9600067138672,181.74000549316406,183.77000427246094,183.17282104492188,29916700,GOOGL,,,,,,,,,,,
2/19/2025,184.07000732421875,185.4600067138672,183.58999633789062,185.27000427246094,184.66795349121094,19549400,GOOGL,,,,,,,,,,,
2/20/2025,184.8000030517578,185.30999755859375,182.72000122070312,184.55999755859375,183.9602508544922,20441500,GOOGL,,,,,,,,,,,
2/21/2025,185.14999389648438,185.33999633789062,179.0800018310547,179.66000366210938,179.0761719,35199200,GOOGL,,,,,,,,,,,
2/24/2025,181.99000549316406,183.1199951171875,178.88999938964844,179.25,178.66751098632812,29854200,GOOGL,,,,,,,,,,,
2/25/2025,178.0399932861328,178.74000549316406,174.69000244140625,175.4199981689453,174.84994506835938,41913400,GOOGL,,,,,,,,,,,
2/26/2025,175.07000732421875,176.0800018310547,171.5800018310547,172.72999572753906,172.16868591308594,35431300,GOOGL,,,,,,,,,,,
2/27/2025,173.99000549316406,174.55999755859375,167.94000244140625,168.5,167.9524383544922,39991000,GOOGL,,,,,,,,,,,
2/28/2025,168.67999267578125,170.61000061035156,166.77000427246094,170.27999877929688,169.72665405273438,48130600,GOOGL,,,,,,,,,,,
3/3/2025,171.92999267578125,173.3699951171875,165.92999267578125,167.00999450683594,166.4672852,40770500,GOOGL,,,,,,,,,,,
3/4/2025,166.24000549316406,173.2899932861328,165.8000030517578,170.9199981689453,170.3645782470703,45388000,GOOGL,,,,,,,,,,,
3/5/2025,170.52000427246094,173.77999877929688,169.05999755859375,173.02000427246094,172.4577637,30954900,GOOGL,,,,,,,,,,,
3/6/2025,170.52999877929688,174.80999755859375,170.5,172.35000610351562,171.78994750976562,28302000,GOOGL,,,,,,,,,,,
3/7/2025,171.25999450683594,174.97000122070312,170.27000427246094,173.86000061035156,173.29501342773438,27385800,GOOGL,,,,,,,,,,,
3/10/2025,168.25999450683594,168.4600067138672,163.69000244140625,165.8699951171875,165.52139282226562,43604000,GOOGL,,,,,,,,,,,
3/11/2025,164.91000366210938,166.75,161.3699951171875,164.0399932861328,163.6952362060547,39587400,GOOGL,,,,,,,,,,,
3/12/2025,166.5800018310547,167.63999938964844,163.52999877929688,167.11000061035156,166.7587891,28372400,GOOGL,,,,,,,,,,,
3/13/2025,166.0399932861328,166.1300048828125,162.11000061035156,162.75999450683594,162.41793823242188,31756200,GOOGL,,,,,,,,,,,
3/14/2025,163.27000427246094,166.49000549316406,162.4499969482422,165.49000549316406,165.14219665527344,31995900,GOOGL,,,,,,,,,,,
3/17/2025,165.02999877929688,166.3000030517578,163.6699981689453,164.2899932861328,163.9447021484375,31184300,GOOGL,,,,,,,,,,,
3/18/2025,163.67999267578125,164.25,156.72000122070312,160.6699981689453,160.3323211669922,42074800,GOOGL,,,,,,,,,,,
3/19/2025,161.75999450683594,165.8699951171875,161,163.88999938964844,163.54556274414062,34275600,GOOGL,,,,,,,,,,,
3/20/2025,161.57000732421875,164.88999938964844,160.9600067138672,162.8000030517578,162.45785522460938,28138500,GOOGL,,,,,,,,,,,
3/21/2025,161.2100067138672,164.24000549316406,160.88999938964844,163.99000549316406,163.64535522460938,36625800,GOOGL,,,,,,,,,,,
3/24/2025,167.07000732421875,168.32000732421875,165.13999938964844,167.67999267578125,167.3275909423828,30879100,GOOGL,,,,,,,,,,,
3/25/2025,168.97999572753906,170.6300048828125,168.32000732421875,170.55999755859375,170.2015380859375,24174400,GOOGL,,,,,,,,,,,
3/26/2025,169,169.61000061035156,164.83999633789062,165.05999755859375,164.7130889892578,28901600,GOOGL,,,,,,,,,,,
3/27/2025,164.6300048828125,165.4199981689453,162,162.24000549316406,161.89903259277344,24508300,GOOGL,,,,,,,,,,,
3/28/2025,160.49000549316406,161.82000732421875,153.6300048828125,154.3300018310547,154.0056610107422,48669300,GOOGL,,,,,,,,,,,
3/31/2025,153.11000061035156,155.5399932861328,150.66000366210938,154.63999938964844,154.31500244140625,54603500,GOOGL,,,,,,,,,,,
4/1/2025,153.6199951171875,158.10000610351562,153.6199951171875,157.07000732421875,156.73989868164062,30672900,GOOGL,,,,,,,,,,,
4/2/2025,155.14999389648438,158.41000366210938,154.6999969482422,157.0399932861328,156.70994567871094,25041700,GOOGL,,,,,,,,,,,
4/3/2025,151.11000061035156,152.77999877929688,150.38999938964844,150.72000122070312,150.4032440185547,46883400,GOOGL,,,,,,,,,,,
4/4/2025,148.00999450683594,151.07000732421875,145.3800048828125,145.60000610351562,145.29400634765625,62259500,GOOGL,,,,,,,,,,,
4/7/2025,141.5500030517578,152.85000610351562,140.52999877929688,146.75,146.4415740966797,76794100,GOOGL,,,,,,,,,,,
4/8/2025,151.22000122070312,152.24000549316406,143.02999877929688,144.6999969482422,144.39588928222656,52200200,GOOGL,,,,,,,,,,,
4/9/2025,144.4199981689453,159.5500030517578,143.91000366210938,158.7100067138672,158.37644958496094,70406200,GOOGL,,,,,,,,,,,
4/10/2025,156.5399932861328,157.72000122070312,149.92999267578125,152.82000732421875,152.4988250732422,48022000,GOOGL,,,,,,,,,,,
4/11/2025,152.89999389648438,157.6699981689453,152.82000732421875,157.13999938964844,156.80975341796875,33636200,GOOGL,,,,,,,,,,,
4/14/2025,160,161.72000122070312,157.55999755859375,159.07000732421875,158.73570251464844,30333000,GOOGL,,,,,,,,,,,
4/15/2025,159.1300048828125,159.64999389648438,155.2100067138672,156.30999755859375,155.9814910888672,27551500,GOOGL,,,,,,,,,,,
4/16/2025,153.10000610351562,155.88999938964844,151.50999450683594,153.3300018310547,153.00775146484375,28187400,GOOGL,,,,,,,,,,,
4/17/2025,154.2899932861328,154.67999267578125,148.5,151.16000366210938,150.84231567382812,33046600,GOOGL,,,,,,,,,,,
4/21/2025,148.8800048828125,148.9499969482422,146.10000610351562,147.6699981689453,147.35964965820312,26049100,GOOGL,,,,,,,,,,,
4/22/2025,148.88999938964844,152.19000244140625,148.5399932861328,151.47000122070312,151.1516571044922,26971800,GOOGL,,,,,,,,,,,
4/23/2025,155.61000061035156,157.52999877929688,153.80999755859375,155.35000610351562,155.0235137939453,31128800,GOOGL,,,,,,,,,,,
4/24/2025,156.14999389648438,159.58999633789062,155.7899932861328,159.27999877929688,158.9452362060547,45894000,GOOGL,,,,,,,,,,,
4/25/2025,165.07000732421875,166.10000610351562,161.0399932861328,161.9600067138672,161.6196289,56034000,GOOGL,,,,,,,,,,,
4/28/2025,162.42999267578125,163.14999389648438,158.60000610351562,160.61000061035156,160.2724609,29745800,GOOGL,,,,,,,,,,,
4/29/2025,160.32000732421875,160.74000549316406,157.52000427246094,160.16000366210938,159.8234100341797,26809000,GOOGL,,,,,,,,,,,
4/30/2025,157.97999572753906,159.27000427246094,155.39999389648438,158.8000030517578,158.4662628173828,34981100,GOOGL,,,,,,,,,,,
5/1/2025,160.4499969482422,161.9499969482422,158.91000366210938,161.3000030517578,160.96099853515625,30203200,GOOGL,,,,,,,,,,,
5/2/2025,163.41000366210938,164.97000122070312,161.8699951171875,164.02999877929688,163.68527221679688,25715000,GOOGL,,,,,,,,,,,
5/5/2025,163,165.38999938964844,162.72000122070312,164.2100067138672,163.86489868164062,21341800,GOOGL,,,,,,,,,,,
5/6/2025,162.1699981689453,164.8000030517578,161.19000244140625,163.22999572753906,162.88693237304688,21277200,GOOGL,,,,,,,,,,,
5/7/2025,164.0800018310547,165,147.83999633789062,151.3800048828125,151.06185913085938,127490100,GOOGL,,,,,,,,,,,
5/8/2025,155,155.92999267578125,152.89999389648438,154.27999877929688,153.9557647705078,57498700,GOOGL,,,,,,,,,,,
5/9/2025,154.1699981689453,155.0500030517578,152.1999969482422,152.75,152.42897033691406,32435300,GOOGL,,,,,,,,,,,
5/12/2025,157.49000549316406,159.10000610351562,156.25,158.4600067138672,158.12696838378906,44138800,GOOGL,,,,,,,,,,,
5/13/2025,158.7899932861328,160.57000732421875,156.16000366210938,159.52999877929688,159.19471740722656,42382100,GOOGL,,,,,,,,,,,
5/14/2025,159.9600067138672,167,159.61000061035156,165.3699951171875,165.02244567871094,48755900,GOOGL,,,,,,,,,,,
5/15/2025,165.83999633789062,166.2100067138672,162.3699951171875,163.9600067138672,163.61541748046875,33146700,GOOGL,,,,,,,,,,,
5/16/2025,167.72999572753906,169.35000610351562,165.6199951171875,166.19000244140625,165.84072875976562,42846900,GOOGL,,,,,,,,,,,
5/19/2025,164.50999450683594,166.63999938964844,164.22000122070312,166.5399932861328,166.1899871826172,30426100,GOOGL,,,,,,,,,,,
5/20/2025,166.42999267578125,168.5,162.89999389648438,163.97999572753906,163.6353759765625,46607700,GOOGL,,,,,,,,,,,
5/21/2025,163.69000244140625,173.13999938964844,163.55999755859375,168.55999755859375,168.20574951171875,73416000,GOOGL,,,,,,,,,,,
5/22/2025,171.85000610351562,176.77000427246094,170.7100067138672,170.8699951171875,170.51089477539062,74864400,GOOGL,,,,,,,,,,,
5/23/2025,169.05999755859375,169.9600067138672,167.88999938964844,168.47000122070312,168.11593627929688,35211400,GOOGL,,,,,,,,,,,
5/27/2025,170.16000366210938,173.1699981689453,170,172.89999389648438,172.5366211,37995700,GOOGL,,,,,,,,,,,
5/28/2025,173.16000366210938,175.27000427246094,171.91000366210938,172.36000061035156,171.9977569580078,34784000,GOOGL,,,,,,,,,,,
5/29/2025,174,174.4199981689453,170.6300048828125,171.86000061035156,171.49880981445312,29317300,GOOGL,,,,,,,,,,,
5/30/2025,171.35000610351562,172.2100067138672,167.44000244140625,171.74000549316406,171.3790740966797,52639900,GOOGL,,,,,,,,,,,
6/2/2025,167.83999633789062,169.8699951171875,167.38999938964844,169.02999877929688,168.6747589111328,38612300,GOOGL,,,,,,,,,,,
6/3/2025,167.49000549316406,168.47999572753906,165.27999877929688,166.17999267578125,165.83074951171875,45084900,GOOGL,,,,,,,,,,,
6/4/2025,166.74000549316406,168.22000122070312,166.36000061035156,168.0500030517578,167.69680786132812,26900800,GOOGL,,,,,,,,,,,
6/5/2025,170.33999633789062,170.92999267578125,167.58999633789062,168.2100067138672,167.8564910888672,36379100,GOOGL,,,,,,,,,,,
6/6/2025,170.8300018310547,174.5,170.8300018310547,173.67999267578125,173.31497192382812,35731800,GOOGL,,,,,,,,,,,
6/9/2025,174.5399932861328,176.47000122070312,174.3699951171875,176.08999633789062,175.93264770507812,28935900,GOOGL,,,,,,,,,,,
6/10/2025,176.1999969482422,181.11000061035156,174.91000366210938,178.60000610351562,178.44041442871094,61766100,GOOGL,,,,,,,,,,,
6/11/2025,179.77000427246094,180.3699951171875,176.75,177.35000610351562,177.1915283203125,31646800,GOOGL,,,,,,,,,,,
6/12/2025,176.17999267578125,176.72000122070312,174.75,175.6999969482422,175.54299926757812,20941900,GOOGL,,,,,,,,,,,
6/13/2025,172.44000244140625,177.1300048828125,172.38999938964844,174.6699981689453,174.513916,27663100,GOOGL,,,,,,,,,,,
6/16/2025,174.72999572753906,176.94000244140625,174.64999389648438,176.77000427246094,176.61204528808594,27389200,GOOGL,,,,,,,,,,,
6/17/2025,175.6999969482422,177.36000061035156,174.5800018310547,175.9499969482422,175.7927703857422,24973000,GOOGL,,,,,,,,,,,
6/18/2025,176.00999450683594,176.55999755859375,173.1999969482422,173.32000732421875,173.16513061523438,28707500,GOOGL,,,,,,,,,,,
6/20/2025,173.9499969482422,174.33999633789062,165.4600067138672,166.63999938964844,166.4910888671875,75659900,GOOGL,,,,,,,,,,,
6/23/2025,166.27000427246094,167.33999633789062,162,165.19000244140625,165.04238891601562,57671000,GOOGL,,,,,,,,,,,
6/24/2025,166.9199981689453,168.22000122070312,166.1300048828125,166.77000427246094,166.62098693847656,40524300,GOOGL,,,,,,,,,,,
6/25/2025,167.6300048828125,172.36000061035156,167.5500030517578,170.67999267578125,170.52748107910156,35479000,GOOGL,,,,,,,,,,,
6/26/2025,172.42999267578125,173.69000244140625,169.94000244140625,173.5399932861328,173.38491821289062,31796700,GOOGL,,,,,,,,,,,
6/27/2025,173.5399932861328,178.67999267578125,171.72999572753906,178.52999877929688,178.37046813964844,108140200,GOOGL,,,,,,,,,,,
6/30/2025,180.77999877929688,181.22999572753906,174.5800018310547,176.22999572753906,176.07252502441406,63378900,GOOGL,,,,,,,,,,,
7/1/2025,175.74000549316406,176.08999633789062,173.52999877929688,175.83999633789062,175.6828613,35904500,GOOGL,,,,,,,,,,,
7/2/2025,175.5399932861328,178.86000061035156,175.07000732421875,178.63999938964844,178.48036193847656,29128900,GOOGL,,,,,,,,,,,
7/3/2025,178.5,179.6699981689453,177.0500030517578,179.52999877929688,179.36956787109375,21689700,GOOGL,,,,,,,,,,,
7/7/2025,179.05999755859375,179.3000030517578,175.67999267578125,176.7899932861328,176.63201904296875,34175600,GOOGL,,,,,,,,,,,
7/8/2025,177.85000610351562,177.9499969482422,172.80999755859375,174.36000061035156,174.20419311523438,40442500,GOOGL,,,,,,,,,,,
7/9/2025,175.25,179.44000244140625,172.77000427246094,176.6199951171875,176.46217346191406,43025600,GOOGL,,,,,,,,,,,
7/10/2025,175.6300048828125,178.42999267578125,174.3800048828125,177.6199951171875,177.46127319335938,29252400,GOOGL,,,,,,,,,,,
7/11/2025,176.7899932861328,181.42999267578125,176.47999572753906,180.19000244140625,180.02899169921875,34282900,GOOGL,,,,,,,,,,,
7/14/2025,181.00999450683594,183.6699981689453,179.67999267578125,181.55999755859375,181.3977508544922,32536600,GOOGL,,,,,,,,,,,
7/15/2025,182.80999755859375,184.22000122070312,181.60000610351562,182,181.83737182617188,33448300,GOOGL,,,,,,,,,,,
7/16/2025,183.24000549316406,184.3300018310547,182.02999877929688,182.97000122070312,182.80650329589844,33104200,GOOGL,,,,,,,,,,,
7/17/2025,182.13999938964844,184.05999755859375,180.47999572753906,183.5800018310547,183.41595458984375,31992600,GOOGL,,,,,,,,,,,
7/18/2025,185.39999389648438,186.4199981689453,183.7100067138672,185.05999755859375,184.89462280273438,34014500,GOOGL,,,,,,,,,,,
7/21/2025,186.25,190.2899932861328,186.14999389648438,190.10000610351562,189.9301300048828,45803100,GOOGL,,,,,,,,,,,
7/22/2025,191.5,191.64999389648438,187.4600067138672,191.33999633789062,191.1690216064453,44660200,GOOGL,,,,,,,,,,,
7/23/2025,191.5,192.52999877929688,189.17999267578125,190.22999572753906,190.0600128173828,58681900,GOOGL,,,,,,,,,,,
7/24/2025,197.02999877929688,197.9499969482422,191,192.1699981689453,191.99827575683594,74881700,GOOGL,,,,,,,,,,,
7/25/2025,191.97999572753906,194.3300018310547,191.25999450683594,193.17999267578125,193.0073699951172,39785900,GOOGL,,,,,,,,,,,
7/28/2025,193.64999389648438,194.0500030517578,190.83999633789062,192.5800018310547,192.4079132080078,38139500,GOOGL,,,,,,,,,,,
7/29/2025,192.42999267578125,195.9199981689453,192.0800018310547,195.75,195.5750732421875,41389200,GOOGL,,,,,,,,,,,
7/30/2025,195.60000610351562,197.60000610351562,194.69000244140625,196.52999877929688,196.35438537597656,32445400,GOOGL,,,,,,,,,,,
7/31/2025,195.7100067138672,195.99000549316406,191.08999633789062,191.89999389648438,191.7285156,51329200,GOOGL,,,,,,,,,,,
8/1/2025,189.02999877929688,190.8300018310547,187.82000732421875,189.1300048828125,188.96099853515625,34832200,GOOGL,,,,,,,,,,,
8/4/2025,190.2899932861328,195.27000427246094,190.1199951171875,195.0399932861328,194.86570739746094,31547400,GOOGL,,,,,,,,,,,
8/5/2025,194.7100067138672,197.86000061035156,193.88999938964844,194.6699981689453,194.4960479736328,31602300,GOOGL,,,,,,,,,,,
8/6/2025,194.5,196.6300048828125,193.6699981689453,196.08999633789062,195.91476440429688,21562900,GOOGL,,,,,,,,,,,
8/7/2025,197.05999755859375,197.5399932861328,194.3300018310547,196.52000427246094,196.34439086914062,26321800,GOOGL,,,,,,,,,,,
8/8/2025,197.22000122070312,202.61000061035156,197.1699981689453,201.4199981689453,201.24000549316406,39161800,GOOGL,,,,,,,,,,,
8/11/2025,200.94000244140625,201.47999572753906,199.07000732421875,201,200.8203887939453,25832400,GOOGL,,,,,,,,,,,
8/12/2025,201.3699951171875,204.5,200.58999633789062,203.33999633789062,203.15829467773438,30397900,GOOGL,,,,,,,,,,,
8/13/2025,204.1300048828125,204.52999877929688,197.50999450683594,201.9600067138672,201.779541,28342900,GOOGL,,,,,,,,,,,
8/14/2025,201.5,204.44000244140625,201.22999572753906,202.94000244140625,202.75865173339844,25230400,GOOGL,,,,,,,,,,,
8/15/2025,203.85000610351562,206.44000244140625,201.27999877929688,203.89999389648438,203.71778869628906,34931400,GOOGL,,,,,,,,,,,
8/18/2025,204.1999969482422,205.27000427246094,202.49000549316406,203.5,203.3181610107422,18526600,GOOGL,,,,,,,,,,,
8/19/2025,203.02999877929688,203.44000244140625,199.9600067138672,201.57000732421875,201.3898926,24240200,GOOGL,,,,,,,,,,,
8/20/2025,200.72999572753906,201.27999877929688,196.60000610351562,199.32000732421875,199.1418914794922,28955500,GOOGL,,,,,,,,,,,
8/21/2025,199.75,202.47999572753906,199.42999267578125,199.75,199.57150268554688,19774600,GOOGL,,,,,,,,,,,
8/22/2025,202.72999572753906,208.5399932861328,201.3000030517578,206.08999633789062,205.9058380126953,42827000,GOOGL,,,,,,,,,,,
8/25/2025,206.42999267578125,210.52000427246094,205.27999877929688,208.49000549316406,208.30369567871094,29928900,GOOGL,,,,,,,,,,,
8/26/2025,207.50999450683594,207.85000610351562,205.6999969482422,207.13999938964844,206.95489501953125,28464100,GOOGL,,,,,,,,,,,
8/27/2025,205.6999969482422,208.91000366210938,205.64999389648438,207.47999572753906,207.29458618164062,23022900,GOOGL,,,,,,,,,,,
8/28/2025,207.25,212.22000122070312,206.89999389648438,211.63999938964844,211.4508819580078,32339300,GOOGL,,,,,,,,,,,
8/29/2025,210.50999450683594,214.64999389648438,210.1999969482422,212.91000366210938,212.71974182128906,39728400,GOOGL,,,,,,,,,,,
9/2/2025,208.44000244140625,211.67999267578125,206.1999969482422,211.35000610351562,211.16114807128906,47523000,GOOGL,,,,,,,,,,,
9/3/2025,226.2100067138672,231.30999755859375,224.7899932861328,230.66000366210938,230.45388793945312,103336100,GOOGL,,,,,,,,,,,
9/4/2025,229.64999389648438,232.3699951171875,226.11000061035156,232.3000030517578,232.09242248535156,51684200,GOOGL,,,,,,,,,,,
9/5/2025,232.1999969482422,235.75999450683594,231.89999389648438,235,234.79000854492188,46588900,GOOGL,,,,,,,,,,,
9/8/2025,235.47000122070312,238.1300048828125,233.6699981689453,234.0399932861328,234.0399932861328,32474700,GOOGL,,,,,,,,,,,
9/9/2025,234.1699981689453,240.47000122070312,233.22999572753906,239.6300048828125,239.6300048828125,38061000,GOOGL,,,,,,,,,,,
9/10/2025,238.89999389648438,241.66000366210938,237.85000610351562,239.1699981689453,239.1699981689453,35141100,GOOGL,,,,,,,,,,,
9/11/2025,239.8800048828125,242.25,236.25,240.3699951171875,240.3699951171875,30599300,GOOGL,,,,,,,,,,,
9/12/2025,240.3699951171875,242.0800018310547,238,240.8000030517578,240.8000030517578,26771600,GOOGL,,,,,,,,,,,
9/15/2025,244.66000366210938,252.41000366210938,244.66000366210938,251.61000061035156,251.61000061035156,58383800,GOOGL,,,,,,,,,,,
9/16/2025,252.0800018310547,253.0399932861328,249.47000122070312,251.16000366210938,251.16000366210938,34109700,GOOGL,,,,,,,,,,,
9/17/2025,251.22000122070312,251.60000610351562,246.27999877929688,249.52999877929688,249.52999877929688,34108000,GOOGL,,,,,,,,,,,
9/18/2025,251.67999267578125,253.99000549316406,249.8000030517578,252.02999877929688,252.02999877929688,31239500,GOOGL,,,,,,,,,,,
9/19/2025,253.25,256,251.80999755859375,254.72000122070312,254.72000122070312,55571400,GOOGL,,,,,,,,,,,
9/22/2025,254.42999267578125,255.77999877929688,250.3000030517578,252.52999877929688,252.52999877929688,32290500,GOOGL,,,,,,,,,,,
9/23/2025,253.0399932861328,254.36000061035156,250.47999572753906,251.66000366210938,251.66000366210938,26628000,GOOGL,,,,,,,,,,,
9/24/2025,251.66000366210938,252.35000610351562,246.44000244140625,247.13999938964844,247.13999938964844,28201000,GOOGL,,,,,,,,,,,
9/25/2025,244.39999389648438,246.49000549316406,240.74000549316406,245.7899932861328,245.7899932861328,31020400,GOOGL,,,,,,,,,,,
9/26/2025,247.07000732421875,249.4199981689453,245.97000122070312,246.5399932861328,246.5399932861328,18503200,GOOGL,,,,,,,,,,,
9/29/2025,247.85000610351562,251.14999389648438,242.77000427246094,244.0500030517578,244.0500030517578,32505800,GOOGL,,,,,,,,,,,
9/30/2025,242.80999755859375,243.2899932861328,239.25,243.10000610351562,243.10000610351562,34724300,GOOGL,,,,,,,,,,,
10/1/2025,240.75,246.3000030517578,238.61000061035156,244.89999389648438,244.89999389648438,31658200,GOOGL,,,,,,,,,,,
10/2/2025,245.14999389648438,246.80999755859375,242.3000030517578,245.69000244140625,245.69000244140625,25483300,GOOGL,,,,,,,,,,,
10/3/2025,244.49000549316406,246.3000030517578,241.66000366210938,245.35000610351562,245.35000610351562,30249600,GOOGL,,,,,,,,,,,
10/6/2025,244.77999877929688,251.32000732421875,244.5800018310547,250.42999267578125,250.42999267578125,28894700,GOOGL,,,,,,,,,,,
10/7/2025,248.27000427246094,250.44000244140625,245.52000427246094,245.75999450683594,245.75999450683594,23181300,GOOGL,,,,,,,,,,,
10/8/2025,244.9600067138672,246.00999450683594,243.82000732421875,244.6199951171875,244.6199951171875,21307100,GOOGL,,,,,,,,,,,
10/9/2025,244.47000122070312,244.75999450683594,239.14999389648438,241.52999877929688,241.52999877929688,27892100,GOOGL,,,,,,,,,,,
10/10/2025,241.42999267578125,244.08999633789062,235.83999633789062,236.57000732421875,236.57000732421875,33180300,GOOGL,,,,,,,,,,,
10/13/2025,240.2100067138672,244.5,239.7100067138672,244.14999389648438,244.14999389648438,24995000,GOOGL,,,,,,,,,,,
10/14/2025,241.22999572753906,247.1199951171875,240.50999450683594,245.4499969482422,245.4499969482422,22111600,GOOGL,,,,,,,,,,,
10/15/2025,247.25,252.11000061035156,245.99000549316406,251.02999877929688,251.02999877929688,27007700,GOOGL,,,,,,,,,,,
10/16/2025,251.77000427246094,256.9599914550781,250.10000610351562,251.4600067138672,251.4600067138672,27997200,GOOGL,,,,,,,,,,,
10/17/2025,250.75999450683594,254.22000122070312,247.80999755859375,253.3000030517578,253.3000030517578,29671600,GOOGL,,,,,,,,,,,
10/20/2025,254.69000244140625,257.3299865722656,254.22999572753906,256.54998779296875,256.54998779296875,22350200,GOOGL,,,,,,,,,,,
10/21/2025,254.74000549316406,254.8800048828125,244.14999389648438,250.4600067138672,250.4600067138672,47312100,GOOGL,,,,,,,,,,,
10/22/2025,254.3699951171875,256.3599853515625,249.2899932861328,251.69000244140625,251.69000244140625,35029400,GOOGL,,,,,,,,,,,
10/23/2025,252.97999572753906,255.0399932861328,251.85000610351562,253.0800018310547,253.0800018310547,19901400,GOOGL,,,,,,,,,,,
10/24/2025,256.5799865722656,261.67999267578125,255.32000732421875,259.9200134277344,259.9200134277344,28655100,GOOGL,,,,,,,,,,,
10/27/2025,264.82000732421875,270.1400146484375,264.2799987792969,269.2699890136719,269.2699890136719,35235200,GOOGL,,,,,,,,,,,
10/28/2025,269.69000244140625,270.7300109863281,266.5,267.4700012207031,267.4700012207031,29738600,GOOGL,,,,,,,,,,,
10/29/2025,267.75,275.3399963378906,267.6700134277344,274.57000732421875,274.57000732421875,43580300,GOOGL,,,,,,,,,,,
10/30/2025,291.5899963378906,291.5899963378906,280.05999755859375,281.4800109863281,281.4800109863281,74876000,GOOGL,,,,,,,,,,,
10/31/2025,283.2099914550781,286,277.0299987792969,281.19000244140625,281.19000244140625,39267900,GOOGL,,,,,,,,,,,
11/3/2025,282.17999267578125,285.5299987792969,279.79998779296875,283.7200012207031,283.7200012207031,29786000,GOOGL,,,,,,,,,,,
11/4/2025,276.75,281.2699890136719,276.2600098,277.5400085449219,277.5400085449219,30078400,GOOGL,,,,,,,,,,,
11/5/2025,278.8699951171875,286.4200134277344,277.3399963378906,284.30999755859375,284.30999755859375,31010300,GOOGL,,,,,,,,,,,
11/6/2025,285.3299865722656,288.3500061035156,281.1400146484375,284.75,284.75,37173600,GOOGL,,,,,,,,,,,
11/7/2025,283.2099914550781,283.7799987792969,275.19000244140625,278.8299865722656,278.8299865722656,34479600,GOOGL,,,,,,,,,,,
11/10/2025,284.4200134277344,290.79998779296875,282.8599853515625,290.1000061035156,290.1000061035156,29557300,GOOGL,,,,,,,,,,,
11/11/2025,287.75,291.9200134277344,287.32000732421875,291.30999755859375,291.30999755859375,19842100,GOOGL,,,,,,,,,,,
11/12/2025,291.67999267578125,292.0100098,283.69000244140625,286.7099914550781,286.7099914550781,24829900,GOOGL,,,,,,,,,,,
11/13/2025,282.3399963378906,282.8399963378906,277.2399902,278.57000732421875,278.57000732421875,29494000,GOOGL,,,,,,,,,,,
11/14/2025,271.4100036621094,278.55999755859375,270.70001220703125,276.4100036621094,276.4100036621094,31647200,GOOGL,,,,,,,,,,,
11/17/2025,285.7799987792969,293.95001220703125,283.57000732421875,285.0199890136719,285.0199890136719,52670200,GOOGL,,,,,,,,,,,
11/18/2025,287.9200134277344,288.79998779296875,278.20001220703125,284.2799987792969,284.2799987792969,49158700,GOOGL,,,,,,,,,,,
11/19/2025,287.1600036621094,303.80999755859375,286.6300048828125,292.80999755859375,292.80999755859375,68198900,GOOGL,,,,,,,,,,,
11/20/2025,304.5400085449219,306.4200134277344,288.6700134277344,289.45001220703125,289.45001220703125,62025200,GOOGL,,,,,,,,,,,
11/21/2025,296.4200134277344,303.9200134277344,293.8500061035156,299.6600036621094,299.6600036621094,74137700,GOOGL,,,,,,,,,,,
11/24/2025,311.1300048828125,319.4800109863281,309.6000061035156,318.5799865722656,318.5799865722656,85165100,GOOGL,,,,,,,,,,,
11/25/2025,326.2099914550781,328.8299865722656,317.6499938964844,323.44000244140625,323.44000244140625,88632100,GOOGL,,,,,,,,,,,
11/26/2025,320.67999267578125,324.5,316.7900085449219,319.95001220703125,319.95001220703125,51373400,GOOGL,,5.693566933975244,0.028187541291117668,0.015059908851981163,,1.102947115570248,0.10561063140630722,0.056917608,-0.03852307,0.26017339551701474,13:03.0
11/28/2025,323.3699951171875,326.8500061035156,316.7900085449219,320.17999267578125,320.17999267578125,26018600,GOOGL,,,,,,,,,,,
